gene,outcome,source,snp,chr,pos_hg19,F,beta_MR,se_MR,z,pval,OR,beta_exp,eaf_exp,n_exp,beta_out,eaf_out,n_out,status,r2_exp,r2_out,steiger_r2_greater,steiger_not_reversed
SOST,CAD,UKB-PPP,,17,41807310,72.0,0.1182289051601054,0.1572449345071724,0.7518773531920205,0.4521248184137549,1.125501715033092,-0.0611441,0.639132,33628,-0.007229,0.635948,,ok,0.0017245589502380362,2.419755425469336e-05,True,True
SOST,HF,UKB-PPP,,17,41807310,72.0,0.0359805770303267,0.1341094234766723,0.2682926829268293,0.7884740380118419,1.0366357117513945,-0.0611441,0.639132,33628,-0.0022,,,ok,0.0017245589502380362,2.23261733405568e-06,True,True
SOST,AF,UKB-PPP,,17,41807310,72.0,-0.1177546157356147,0.1128481734132974,-1.0434782608695652,0.2967268440414811,0.8889141513996609,-0.0611441,0.639132,33628,0.0072,0.6308,,ok,0.0017245589502380362,2.4146176204799997e-05,True,True
SOST,CAC,UKB-PPP,,17,41807310,72.0,-0.1520997119918356,0.3221897124988347,-0.4720812182741116,0.6368688178870036,,-0.0611441,0.639132,33628,0.0093,0.6373,26905.0,ok,0.0017245589502380362,3.998410385579999e-05,True,True
SOST,AIS,UKB-PPP,,17,41807310,72.0,-0.2747607700497677,0.1242965388320377,-2.210526315789474,0.0270686562256398,0.7597538573634631,-0.0611441,0.639132,33628,0.0168,0.6575,,ok,0.0017245589502380362,0.000127117368,True,True
SOST,CES,UKB-PPP,,17,41807310,72.0,-0.3091058663059886,0.2682188469533446,-1.1524390243902438,0.2491407126316258,0.7341030491342972,-0.0611441,0.639132,33628,0.0189,0.6361,,ok,0.0017245589502380362,0.00016537164831179998,True,True
SOST,LAS,UKB-PPP,,17,41807310,72.0,-0.9976432722045137,0.3712541357220075,-2.687224669603524,0.0072048473378878,0.3687474553106055,-0.0611441,0.639132,33628,0.061,0.6348,,ok,0.0017245589502380362,0.00172527112032,False,True
SOST,SVS,UKB-PPP,,17,41807310,72.0,0.2027996159891142,0.333638077917575,0.6078431372549019,0.5432915159841617,1.2248270079066712,-0.0611441,0.639132,33628,-0.0124,0.6417,,ok,0.0017245589502380362,7.070533974719999e-05,True,True
SOST,FG_CHD,UKB-PPP,,17,41807310,72.0,0.2197121226741419,0.1077031144460381,2.0399792875462577,0.0413523887397513,1.2457180649786903,-0.0611441,0.639132,33628,-0.0134341,0.739414,,ok,0.0017245589502380362,6.954820056455557e-05,True,True
SOST,FG_HF,UKB-PPP,,17,41807310,72.0,0.0631244878900826,0.1452027260193543,0.4347334903455507,0.6637558862383865,1.0651594304282306,-0.0611441,0.639132,33628,-0.00385969,0.739414,,ok,0.0017245589502380362,5.740815555048231e-06,True,True
SOST,FG_AF,UKB-PPP,,17,41807310,72.0,0.124652746544638,0.1594736041580463,0.7816512782961931,0.4344195422679829,1.132755031663485,-0.0611441,0.639132,33628,-0.00762178,0.740161,,ok,0.0017245589502380362,2.2344639247245464e-05,True,True
SOST,FG_stroke,UKB-PPP,,17,41807310,72.0,0.1308407516015445,0.1501618308225977,0.8713316219227556,0.3835731092445346,1.1397862577225797,-0.0611441,0.639132,33628,-0.00800014,0.739417,,ok,0.0017245589502380362,2.466383922592153e-05,True,True
TNFRSF11B,CAD,UKB-PPP,,8,120128070,729.7,0.038769989017759,0.0493890124018964,0.784992190211732,0.4324581475788137,1.0395313525223555,0.186665,0.546055,33649,0.007237,0.534084,,ok,0.01727409922655776,2.6065396359661074e-05,True,True
TNFRSF11B,HF,UKB-PPP,,8,120128070,729.7,0.0578576594433878,0.0417860873757801,1.3846153846153848,0.1661701046828759,1.0595641660227937,0.186665,0.546055,33649,0.0108,,,ok,0.01727409922655776,5.7825198417528e-05,True,True
TNFRSF11B,AF,UKB-PPP,,8,120101198,842.0,-0.0955759829064105,0.0660525117468387,-1.4469696969696968,0.147905410893411,0.908849302018572,0.199841,0.499602,33649,-0.0191,0.4521,,ok,0.01996819998832098,0.00018073095257580002,True,True
TNFRSF11B,CAC,UKB-PPP,,8,120101198,842.0,0.0305242667920997,0.1215966693521349,0.2510288065843621,0.8017918376731857,,0.199841,0.499602,33649,0.0061,0.4906,15459.0,ok,0.01996819998832098,1.8598424248800004e-05,True,True
TNFRSF11B,AIS,UKB-PPP,,8,120128070,729.7,-0.0155358529986874,0.0391074920311788,-0.3972602739726027,0.6911755389426658,0.9845842058226756,0.186665,0.546055,33649,-0.0029,0.5268999999999999,,ok,0.01727409922655776,4.1928288798e-06,True,True
TNFRSF11B,CES,UKB-PPP,,8,120128070,729.7,-0.0032143144135215,0.0894650845096831,-0.0359281437125748,0.9713396549121291,0.9967908459645464,0.186665,0.546055,33649,-0.0006,0.4615,,ok,0.01727409922655776,1.7893277999999997e-07,True,True
TNFRSF11B,LAS,UKB-PPP,,8,120128070,729.7,0.018750167412209,0.118393914231377,0.1583710407239819,0.8741644319275497,1.0189270556328411,0.186665,0.546055,33649,0.0035,0.4553,,ok,0.01727409922655776,6.0760467949999995e-06,True,True
TNFRSF11B,SVS,UKB-PPP,,8,120128070,729.7,0.0471432780649827,0.1092866900597326,0.4313725490196078,0.666197506589673,1.0482721927317369,0.186665,0.546055,33649,0.0088,0.4597,,ok,0.01727409922655776,3.8468460940800006e-05,True,True
TNFRSF11B,FG_CHD,UKB-PPP,,8,120101198,842.0,0.0089704314930369,0.0292228821913421,0.3069660081542073,0.7588692454812425,1.009010786390313,0.199841,0.499602,33649,0.00179266,0.425985,,ok,0.01996819998832098,1.5716049934396473e-06,True,True
TNFRSF11B,FG_HF,UKB-PPP,,8,120101198,842.0,-0.0466535896037349,0.0394869921587662,-1.181492614483115,0.2374070856745971,0.954417960635774,0.199841,0.499602,33649,-0.0093233,0.425985,,ok,0.01996819998832098,4.250958466017532e-05,True,True
TNFRSF11B,FG_AF,UKB-PPP,,8,120101198,842.0,-0.0783678024029103,0.0434195685570028,-1.8048959261312365,0.0710909694199663,0.92462428496113,0.199841,0.499602,33649,-0.0156611,0.426211,,ok,0.01996819998832098,0.00011996412572935128,True,True
TNFRSF11B,FG_stroke,UKB-PPP,,8,120101198,842.0,-0.0035405497370409,0.0408094435075885,-0.0867580989283174,0.930863794197737,0.996465710618633,0.199841,0.499602,33649,-0.000707547,0.426064,,ok,0.01996819998832098,2.448380378639579e-07,True,True
TNFSF11,CAD,UKB-PPP,,13,43052880,229.5,0.0085728333258838,0.0844437491619362,0.1015212305347067,0.9191367050954004,1.0086096852948208,-0.111865,0.531643,33657,-0.000959,0.503525,,ok,0.0062318295345679285,4.5981764477754874e-07,True,True
TNFSF11,HF,UKB-PPP,,13,43052880,229.5,-0.0151968891074062,0.071514772270147,-0.2125,0.8317169777818152,0.984918000885416,-0.111865,0.531643,33657,0.0017,,,ok,0.0062318295345679285,1.43921260478478e-06,True,True
TNFSF11,AF,UKB-PPP,,13,43052880,229.5,0.1081660930585974,0.0598936217762481,1.8059701492537312,0.0709230024199289,1.1142327963513374,-0.111865,0.531643,33657,-0.0121,0.5549,,ok,0.0062318295345679285,7.232243759180001e-05,True,True
TNFSF11,CAC,UKB-PPP,,13,43052880,229.5,-0.0920752692978143,0.1734233227551066,-0.5309278350515464,0.5954687881023495,,-0.111865,0.531643,33657,0.0103,0.5255,26149.0,ok,0.0062318295345679285,5.290702995500001e-05,True,True
TNFSF11,AIS,UKB-PPP,,13,43052880,229.5,-0.0455906673222187,0.0625754257363786,-0.7285714285714285,0.4662638609568514,0.9554329720955976,-0.111865,0.531643,33657,0.0051,0.5538,,ok,0.0062318295345679285,1.2854431231200001e-05,True,True
TNFSF11,CES,UKB-PPP,,13,43052880,229.5,0.1904080811692665,0.1421356098869172,1.339622641509434,0.1803680590097499,1.2097431703490096,-0.111865,0.531643,33657,-0.0213,0.5452,,ok,0.0062318295345679285,0.0002249911863648,True,True
TNFSF11,LAS,UKB-PPP,,13,43052880,229.5,0.1787869306753676,0.1904080811692665,0.9389671361502347,0.3477476177124918,1.1957659359825454,-0.111865,0.531643,33657,-0.02,0.5218,,ok,0.0062318295345679285,0.000199619808,True,True
TNFSF11,SVS,UKB-PPP,,13,43052880,229.5,-0.2663925267062977,0.1787869306753676,-1.49,0.1362242359334508,0.7661383387124017,-0.111865,0.531643,33657,0.0298,0.5343,,ok,0.0062318295345679285,0.00044193045964079997,True,True
TNFSF11,FG_CHD,UKB-PPP,,13,43052880,229.5,-0.0402540562284896,0.0529687569838644,-0.7599584834651117,0.4472794015600279,0.9605453756152832,-0.111865,0.531643,33657,0.00450302,0.613055,,ok,0.0062318295345679285,9.620251490844698e-06,True,True
TNFSF11,FG_HF,UKB-PPP,,13,43052880,229.5,0.0389008179502078,0.0714906360345058,0.5441386467932927,0.5863460676961987,1.039667362196259,-0.111865,0.531643,33657,-0.00435164,0.613055,,ok,0.0062318295345679285,8.984307212242191e-06,True,True
TNFSF11,FG_AF,UKB-PPP,,13,43052880,229.5,0.0060300272650069,0.0785249184284628,0.0767912579304409,0.9387896053644428,1.0060482444777712,-0.111865,0.531643,33657,-0.000674549,0.613139,,ok,0.0062318295345679285,2.1585936371715185e-07,True,True
TNFSF11,FG_stroke,UKB-PPP,,13,43052880,229.5,-0.0383734858981808,0.0739276806865418,-0.5190678990848763,0.6037133928481281,0.962353448320662,-0.111865,0.531643,33657,0.00429265,0.612935,,ok,0.0062318295345679285,8.743378493573945e-06,True,True
TNFRSF11A,CAD,UKB-PPP,,18,59685111,1855.5,-0.0205540782180333,0.0325919293186423,-0.6306493247785921,0.5282698400474162,0.9796557170065512,-0.369659,0.239773,34049,0.007598,0.789367,,ok,0.04981683489763785,1.919702603759052e-05,True,True
TNFRSF11A,HF,UKB-PPP,,18,59685111,1855.5,0.0051398721524431,0.0248878020013039,0.2065217391304347,0.8363833853696635,1.005153103955527,-0.369659,0.239773,34049,-0.0019,,,ok,0.04981683489763785,1.3160753791606198e-06,True,True
TNFRSF11A,AF,UKB-PPP,,18,59685111,1855.5,-0.032732870023454,0.0213710473706848,-1.5316455696202531,0.1256099208681595,0.96779705266585,-0.369659,0.239773,34049,0.0121,0.2327,,ok,0.04981683489763785,5.2283218902200004e-05,True,True
TNFRSF11A,CAC,UKB-PPP,,18,59685111,1855.5,-0.0151490968703588,0.0603258678944648,-0.2511210762331838,0.8017205014248872,,-0.369659,0.239773,34049,0.0056,0.2344,26877.0,ok,0.04981683489763785,1.12555204608e-05,True,True
TNFRSF11A,AIS,UKB-PPP,,18,59685111,1855.5,-0.0302981937407177,0.0221826061315969,-1.3658536585365852,0.1719849004996104,0.9701561959061774,-0.369659,0.239773,34049,0.0112,0.2388,,ok,0.04981683489763785,4.56036016128e-05,True,True
TNFRSF11A,CES,UKB-PPP,,18,59685111,1855.5,-0.0979280904833914,0.0508576823504905,-1.925531914893617,0.0541628472213216,0.9067141027825107,-0.369659,0.239773,34049,0.0362,0.2288,,ok,0.04981683489763785,0.00046245574369280007,True,True
TNFRSF11A,LAS,UKB-PPP,,18,59685111,1855.5,0.0657362596338787,0.0670888575687322,0.9798387096774194,0.3271657409122995,1.0679450198096223,-0.369659,0.239773,34049,-0.0243,0.2364,,ok,0.04981683489763785,0.0002131846519392,True,True
TNFRSF11A,SVS,UKB-PPP,,18,59685111,1855.5,-0.0173132535661244,0.0627605441772011,-0.2758620689655173,0.7826540084147535,0.9828357596015104,-0.369659,0.239773,34049,0.0064,0.2344,,ok,0.04981683489763785,1.47010879488e-05,True,True
TNFRSF11A,FG_CHD,UKB-PPP,,18,59685111,1855.5,0.0331088922493433,0.0176775081899804,1.8729388720130384,0.0610768265868783,1.03366309101223,-0.369659,0.239773,34049,-0.012239,0.267894,,ok,0.04981683489763785,5.875689239471445e-05,True,True
TNFRSF11A,FG_HF,UKB-PPP,,18,59685111,1855.5,0.0162216258768216,0.0239325702877516,0.6778054208880183,0.4978950735129596,1.0163539107739246,-0.369659,0.239773,34049,-0.00599647,0.267894,,ok,0.04981683489763785,1.4104518967941396e-05,True,True
TNFRSF11A,FG_AF,UKB-PPP,,18,59685111,1855.5,0.0028555777081039,0.0261948714896702,0.1090128542615693,0.9131922948725656,1.002859658753784,-0.369659,0.239773,34049,-0.00105559,0.268088,,ok,0.04981683489763785,4.3727713889025434e-07,True,True
TNFRSF11A,FG_stroke,UKB-PPP,,18,59685111,1855.5,-0.0069167530075015,0.0247217570788212,-0.2797840374148394,0.7796431991098671,0.9931071126725426,-0.369659,0.239773,34049,0.00255684,0.268025,,ok,0.04981683489763785,2.565125703814169e-06,True,True
FGF23,CAD,UKB-PPP,,12,4491909,191.9,0.00299152401529,0.0898666740531457,0.0332884692441257,0.9734445488753224,1.0029960030885618,0.108306,0.338541,33905,0.000324,0.671025,,ok,0.005253505987098679,4.634699834718001e-08,True,True
FGF23,HF,UKB-PPP,,12,4491909,191.9,-0.1504995106457629,0.0775580300260373,-1.9404761904761905,0.0523218450165436,0.8602781509880684,0.108306,0.338541,33905,-0.0163,,,ok,0.005253505987098679,0.0001189924501670902,True,True
FGF23,AF,UKB-PPP,,12,4491909,191.9,-0.1338799327830406,0.0655550015696268,-2.04225352112676,0.0411263899535226,0.8746950805027285,0.108306,0.338541,33905,-0.0145,0.3420999999999999,,ok,0.005253505987098679,9.4640921595e-05,True,True
FGF23,CAC,UKB-PPP,,12,4491909,191.9,0.3471645153546433,0.1892785256587816,1.8341463414634145,0.0666322740282712,,0.108306,0.338541,33905,0.0376,0.33,26245.0,ok,0.005253505987098679,0.000625164672,True,True
FGF23,AIS,UKB-PPP,,12,4491909,191.9,-0.058168522519528,0.0701715509759385,-0.8289473684210525,0.4071341898848519,0.9434909345691048,0.108306,0.338541,33905,-0.0063,0.331,,ok,0.005253505987098679,1.7577827820000003e-05,True,True
FGF23,CES,UKB-PPP,,12,4491909,191.9,0.0969475375325466,0.1597326094583864,0.6069364161849712,0.5438931097005375,1.1018025688233255,0.108306,0.338541,33905,0.0105,0.3239,,ok,0.005253505987098679,4.8287028195e-05,True,True
FGF23,LAS,UKB-PPP,,12,4491909,191.9,-0.2391372592469484,0.214207892452865,-1.1163793103448276,0.2642598058404157,0.787306809816046,0.108306,0.338541,33905,-0.0259,0.3165,,ok,0.005253505987098679,0.000290229635955,True,True
FGF23,SVS,UKB-PPP,,12,4491909,191.9,-0.0064631691688364,0.198511624471405,-0.0325581395348837,0.9740269519299946,0.993557672184446,0.108306,0.338541,33905,-0.0007,0.3211,,ok,0.005253505987098679,2.136348942e-07,True,True
FGF23,FG_CHD,UKB-PPP,,12,4491909,191.9,-0.0751977729765664,0.0559123224936753,-1.3449230799717289,0.1786500760319604,0.9275600218805246,0.108306,0.338541,33905,-0.00814437,0.354696,,ok,0.005253505987098679,3.0364465076919104e-05,True,True
FGF23,FG_HF,UKB-PPP,,12,4491909,191.9,-0.0395509944047421,0.0755940575776041,-0.5232024271767581,0.600833392554603,0.961220935851334,0.108306,0.338541,33905,-0.00428361,0.354696,,ok,0.005253505987098679,8.399829893073743e-06,True,True
FGF23,FG_AF,UKB-PPP,,12,4491909,191.9,-0.0051294572784517,0.0828232046239358,-0.0619326105738413,0.9506164978530068,0.9948836759225408,0.108306,0.338541,33905,-0.000555551,0.353843,,ok,0.005253505987098679,1.411323343833454e-07,True,True
FGF23,FG_stroke,UKB-PPP,,12,4491909,191.9,0.0363794249626059,0.0781194024338448,0.4656900056732225,0.6414374072172611,1.0370492542263516,0.108306,0.338541,33905,0.00394011,0.354733,,ok,0.005253505987098679,7.107023244223245e-06,True,True
DKK1,CAD,UKB-PPP,,10,54119880,184.5,-0.0848546183488381,0.0938665291347164,-0.9039922870382848,0.3659994912314747,0.9186458289412036,-0.102764,0.434695,33962,0.00872,0.563726,,ok,0.005190144724931101,3.740161564741177e-05,True,True
DKK1,HF,UKB-PPP,,10,54119880,184.5,-0.2140827527149585,0.0778482737145303,-2.75,0.0059595264701091,0.8072815775161928,-0.102764,0.434695,33962,0.022,,,ok,0.005190144724931101,0.00023787172875179997,True,True
DKK1,AF,UKB-PPP,,10,54119880,184.5,-0.0136234479000428,0.0661710326573508,-0.2058823529411765,0.8368828104642272,0.9864689312828095,-0.102764,0.434695,33962,0.0014,0.427,,ok,0.005190144724931101,9.591103199999998e-07,True,True
DKK1,CAC,UKB-PPP,,10,54119880,184.5,0.3318282667081857,0.191701374022031,1.7309644670050763,0.0834581021959306,,-0.102764,0.434695,33962,-0.0341,0.4501,26245.0,ok,0.005190144724931101,0.0005756141829438,True,True
DKK1,AIS,UKB-PPP,,10,54119880,184.5,-0.0223813786929274,0.0690903429216457,-0.323943661971831,0.7459806873130155,0.977867226202332,-0.102764,0.434695,33962,0.0023,0.4337999999999999,,ok,0.005190144724931101,2.5986337847999995e-06,True,True
DKK1,CES,UKB-PPP,,10,54119880,184.5,-0.3289089564438908,0.1586158576933556,-2.0736196319018405,0.0381146504742676,0.7197085385890747,-0.102764,0.434695,33962,0.0338,0.564,,ok,0.005190144724931101,0.00056186113152,True,True
DKK1,LAS,UKB-PPP,,10,54119880,184.5,0.2277062006150013,0.210190339029232,1.0833333333333333,0.2786604948992441,1.2557163425423536,-0.102764,0.434695,33962,-0.0234,0.5513,,ok,0.005190144724931101,0.0002708979836472,True,True
DKK1,SVS,UKB-PPP,,10,54119880,184.5,-0.1070413763574792,0.1965668911291892,-0.5445544554455446,0.5860599860511375,0.8984884960399843,-0.102764,0.434695,33962,0.011,0.5627,,ok,0.005190144724931101,5.9548627819999994e-05,True,True
DKK1,FG_CHD,UKB-PPP,,10,54119880,184.5,-0.0652771398544237,0.0567973220193842,-1.14929960662838,0.2504324602526233,0.9368078006201292,-0.102764,0.434695,33962,0.00670814,0.433075,,ok,0.005190144724931101,2.2096472807112377e-05,True,True
DKK1,FG_HF,UKB-PPP,,10,54119880,184.5,-0.1186300650033085,0.0766955354015024,-1.5467662411153151,0.1219196234292587,0.8881362926943723,-0.102764,0.434695,33962,0.0121909,0.433075,,ok,0.005190144724931101,7.297771416735931e-05,True,True
DKK1,FG_AF,UKB-PPP,,10,54119880,184.5,-0.1926472305476626,0.084069518508427,-2.291522943935402,0.0219331864249482,0.8247728775014804,-0.102764,0.434695,33962,0.0197972,0.433759,,ok,0.005190144724931101,0.0001925250957321569,True,True
DKK1,FG_stroke,UKB-PPP,,10,54119880,184.5,0.0366856097466038,0.0793027713985442,0.4626018624524048,0.6436497734193327,1.0373668315444424,-0.102764,0.434695,33962,-0.00376996,0.432978,,ok,0.005190144724931101,6.9786146811124646e-06,True,True
BGLAP,CAD,UKB-PPP,,1,156241701,173.3,-0.1295091661738616,0.0948436410496306,-1.3655018379786887,0.1720953758102301,0.8785265356523722,-0.113297,0.245514,33924,0.014673,0.7594,,ok,0.0047554789525571396,7.867450996910713e-05,True,True
BGLAP,HF,UKB-PPP,,1,156241701,173.3,0.1244516624447249,0.0838504108670132,1.4842105263157894,0.1377530780985087,1.132527275537356,-0.113297,0.245514,33924,-0.0141,,,ok,0.0047554789525571396,7.365388655718648e-05,True,True
BGLAP,AF,UKB-PPP,,1,156241701,173.3,-0.0776719595399701,0.0697282364052005,-1.1139240506329116,0.2653117706027807,0.9252679020729384,-0.113297,0.245514,33924,0.0088,0.2256,,ok,0.0047554789525571396,2.70582546432e-05,True,True
BGLAP,CAC,UKB-PPP,,1,156241701,173.3,-0.1288648419640414,0.2118326169271913,-0.6083333333333333,0.5429664174035744,,-0.113297,0.245514,33924,0.0146,0.2347,24222.0,ok,0.0047554789525571396,7.65738547512e-05,True,True
BGLAP,AIS,UKB-PPP,,1,156241701,173.3,0.0794372313476967,0.0776719595399701,1.0227272727272725,0.3064368127346981,1.082677599182792,-0.113297,0.245514,33924,-0.009,0.2198999999999999,,ok,0.0047554789525571396,2.7790126379999988e-05,True,True
BGLAP,CES,UKB-PPP,,1,156241701,173.3,-0.5631217066647837,0.1756445448687962,-3.2060301507537683,0.0013457988634226,0.5694286970444864,-0.113297,0.245514,33924,0.0638,0.7693,,ok,0.0047554789525571396,0.0014448231116088,True,True
BGLAP,LAS,UKB-PPP,,1,156241701,173.3,0.1977104424653786,0.2268374272928674,0.8715953307392996,0.3834291788403947,1.2186094851722369,-0.113297,0.245514,33924,-0.0224,0.7574,,ok,0.0047554789525571396,0.0001843920232448,True,True
BGLAP,SVS,UKB-PPP,,1,156241701,173.3,0.2347811504276371,0.2144805246387812,1.0946502057613168,0.2736699113352472,1.264631974279055,-0.113297,0.245514,33924,-0.0266,0.7649,,ok,0.0047554789525571396,0.0002544781852088,True,True
BGLAP,FG_CHD,UKB-PPP,,1,156241701,173.3,-0.0822449844214762,0.068883730372384,-1.193968212477192,0.2324904026602582,0.921046289062426,-0.113297,0.245514,33924,0.00931811,0.166489,,ok,0.0047554789525571396,2.4098085562450156e-05,True,True
BGLAP,FG_HF,UKB-PPP,,1,156241701,173.3,-0.2214965974385906,0.0929292037741511,-2.3834982808730505,0.0171489645667518,0.8013186486792069,-0.113297,0.245514,33924,0.0250949,0.166489,,ok,0.0047554789525571396,0.00017478244685242389,True,True
BGLAP,FG_AF,UKB-PPP,,1,156241701,173.3,-0.3111626962761591,0.1012701130656592,-3.072601450285874,0.0021220168932157,0.7325946757472093,-0.113297,0.245514,33924,0.0352538,0.167158,,ok,0.0047554789525571396,0.00034604426263199015,True,True
BGLAP,FG_stroke,UKB-PPP,,1,156241701,173.3,0.0069377476897005,0.0961834823516951,0.0721303442137043,0.9424981779220666,1.0069618696128764,-0.113297,0.245514,33924,-0.000786026,0.166387,,ok,0.0047554789525571396,1.7139087236984454e-07,True,True
CTSK,CAD,eQTLGen,rs78685532,1,150738197,7159.6,-0.0483212767634628,0.0143312999872663,-3.371730185426121,0.0007469758849072,0.9528276165246212,0.659668,0.46732,25887,-0.031876,0.507187,,ok,0.2166514446748994,0.0005079347209669798,True,True
CTSK,HF,eQTLGen,rs78685532,1,150738197,7159.6,-0.0072763875161444,0.0118241297137347,-0.6153846153846153,0.538300749018723,0.9927500212990858,0.659668,0.46732,25887,-0.0048,,,ok,0.2166514446748994,1.1470787371008e-05,True,True
CTSK,AF,eQTLGen,rs78685532,1,150738197,7159.6,-0.0175846031640158,0.010156624241285,-1.7313432835820892,0.0833905558538542,0.9825691036934722,0.659668,0.46732,25887,-0.0116,0.5528,,ok,0.2166514446748994,6.652973649919999e-05,True,True
CTSK,CAC,eQTLGen,rs78685532,1,150738197,7159.6,-0.0412328625914854,0.0289539586579915,-1.4240837696335078,0.154422224131374,,0.659668,0.46732,25887,-0.0272,0.5342,26892.0,ok,0.2166514446748994,0.00036818930708479997,True,True
CTSK,AIS,eQTLGen,rs78685532,1,150738197,7159.6,0.0133400437795982,0.0133400437795982,1.0,0.3173105078629141,1.0134294191451856,0.659668,0.46732,25887,0.0088,0.5414,,ok,0.2166514446748994,3.8454541875200006e-05,True,True
CTSK,CES,eQTLGen,rs78685532,1,150738197,7159.6,0.0118241297137347,0.0375946688334131,0.314516129032258,0.7531290683489504,1.0118943110738752,0.659668,0.46732,25887,0.0078,0.5449,,ok,0.2166514446748994,3.0174691903199996e-05,True,True
CTSK,LAS,eQTLGen,rs2089081,1,150800117,6853.8,0.0353907811797564,0.0334777659808507,1.0571428571428572,0.2904463943237295,1.036024488576215,0.627282,0.473658,28080,0.0222,0.4716,,ok,0.19619527770186354,0.0002456249899392,True,True
CTSK,SVS,eQTLGen,rs2089081,1,150800117,6853.8,0.0149852857247617,0.0331589301143664,0.451923076923077,0.651324399083018,1.0150981280725788,0.627282,0.473658,28080,0.0094,0.465,,ok,0.19619527770186354,4.3963517999999996e-05,True,True
CTSK,FG_CHD,eQTLGen,rs78685532,1,150738197,7159.6,-0.0333666329123134,0.0087878751129355,-3.796894298508905,0.0001465202277042,0.9671838931293256,0.659668,0.46732,25887,-0.0220109,0.55275,,ok,0.2166514446748994,0.00023954366920985747,True,True
CTSK,FG_HF,eQTLGen,rs78685532,1,150738197,7159.6,-0.0268321337400025,0.0118635434794472,-2.261730130334781,0.0237140819728049,0.973524649750558,0.659668,0.46732,25887,-0.0177003,0.55275,,ok,0.2166514446748994,0.0001549067529316216,True,True
CTSK,FG_AF,eQTLGen,rs78685532,1,150738197,7159.6,-0.0489611440906637,0.0129951581704736,-3.767645106614298,0.000164794753389,0.9522181282809542,0.659668,0.46732,25887,-0.0322981,0.553315,,ok,0.2166514446748994,0.0005156532483916317,True,True
CTSK,FG_stroke,eQTLGen,rs78685532,1,150738197,7159.6,0.0009647989594765,0.0122706270426942,0.0786267039263503,0.9373295466263346,1.0009652645277072,0.659668,0.46732,25887,0.000636447,0.552943,,ok,0.2166514446748994,2.002616301197976e-07,True,True
ESR1,CAD,eQTLGen,rs3020333,6,152010254,204.2,-0.0669024890568719,0.0774296974689473,-0.8640417209908735,0.3875649719945011,0.9352863975491098,-0.123822,0.459469,26609,0.008284,0.584512,,ok,0.0076155705582448005,3.333205523862336e-05,True,True
ESR1,HF,eQTLGen,rs3020333,6,152010254,204.2,0.1348710245352199,0.0638012631034872,2.113924050632911,0.0345217546933243,1.1443891767066818,-0.123822,0.459469,26609,-0.0167,,,ok,0.0076155705582448005,0.00013852870023339342,True,True
ESR1,AF,eQTLGen,rs3020333,6,152010254,204.2,0.176866792653971,0.05410993199916,3.26865671641791,0.0010805931712784,1.1934721032866282,-0.123822,0.459469,26609,-0.0219,0.4542,,ok,0.0076155705582448005,0.00023779290175920002,True,True
ESR1,CAC,eQTLGen,rs3020333,6,152010254,204.2,-0.0847991471628628,0.1582917413706772,-0.5357142857142858,0.5921560289089229,,-0.123822,0.459469,26609,0.0105,0.4535,26134.0,ok,0.0076155705582448005,5.4648223875e-05,True,True
ESR1,AIS,eQTLGen,rs3020333,6,152010254,204.2,0.0355348807158663,0.0565327647752418,0.6285714285714287,0.5296296702875958,1.0361737899812908,-0.123822,0.459469,26609,-0.0044,0.4665,,ok,0.0076155705582448005,9.636546480000001e-06,True,True
ESR1,CES,eQTLGen,rs3020333,6,152010254,204.2,0.074300205133175,0.1292177480576957,0.575,0.5652912969944013,1.0771301169541192,-0.123822,0.459469,26609,-0.0092,0.5412,,ok,0.0076155705582448005,4.20326573568e-05,True,True
ESR1,LAS,eQTLGen,rs3020333,6,152010254,204.2,0.193019011161183,0.172828738027168,1.116822429906542,0.2640702564696329,1.2129058520485871,-0.123822,0.459469,26609,-0.0239,0.5503,,ok,0.0076155705582448005,0.0002827145745822,True,True
ESR1,SVS,eQTLGen,rs3020333,6,152010254,204.2,-0.0306892151637027,0.1599069632213984,-0.1919191919191919,0.8478055039087032,0.9697769182076218,-0.123822,0.459469,26609,0.0038,0.543,,ok,0.0076155705582448005,7.166600880000001e-06,True,True
ESR1,FG_CHD,eQTLGen,rs3020333,6,152010254,204.2,-0.0086766487377041,0.0465140282017735,-0.1865383213009552,0.8520226301433299,0.991360884745559,-0.123822,0.459469,26609,0.00107436,0.489751,,ok,0.0076155705582448005,5.768822154647248e-07,True,True
ESR1,FG_HF,eQTLGen,rs3020333,6,152010254,204.2,0.202893669945567,0.0628659688908271,3.2274006672499005,0.0012492040534423,1.2249422131504046,-0.123822,0.459469,26609,-0.0251227,0.489751,,ok,0.0076155705582448005,0.0003154424331155221,True,True
ESR1,FG_AF,eQTLGen,rs3020333,6,152010254,204.2,0.2337637899565505,0.0687505451373746,3.400173620288435,0.0006734307811258,1.263346041937232,-0.123822,0.459469,26609,-0.0289451,0.489848,,ok,0.0076155705582448005,0.0004187367105898771,True,True
ESR1,FG_stroke,eQTLGen,rs3020333,6,152010254,204.2,0.0745161602946164,0.065028185621295,1.1459055728323182,0.2518342251334802,1.077362753881088,-0.123822,0.459469,26609,-0.00922674,0.489729,,ok,0.0076155705582448005,4.2548403624324345e-05,True,True
PTH1R,CAD,UKB-PPP,,3,47581382,326.2,0.0380987051551101,0.0268797616838218,1.4173751093202844,0.156373285981584,1.0388337660661506,-2.10141,0.00129134,33657,-0.080061,0.988277,,ok,0.011390190938045625,0.00014852154883983177,True,True
PTH1R,HF,UKB-PPP,,3,47892855,189.6,0.054786086421138,0.0881795105254507,0.6213017751479291,0.5344010859499645,1.0563146304628035,0.383309,0.018995,33657,0.021,,,ok,0.005475686146831623,1.6435355557950003e-05,True,True
PTH1R,AF,UKB-PPP,,3,46939587,939.6,-0.0418287808570252,0.0394828280682185,-1.0594170403587444,0.2894098925022845,0.9590339714904516,2.25921,0.00265918,33657,-0.0945,0.0023999999999999,,ok,0.02707288443322918,4.2762323519998234e-05,True,True
PTH1R,CAC,UKB-PPP,,3,47581382,326.2,0.0398779866851304,0.064290167078295,0.620281273131014,0.535072621879632,,-2.10141,0.00129134,33657,-0.0838,0.0119,19060.0,ok,0.011390190938045625,0.00016514517654319999,True,True
PTH1R,AIS,UKB-PPP,,3,47892855,189.6,0.0855706492673013,0.0900057134061553,0.9507246376811594,0.3417441778250133,1.0893385195937642,0.383309,0.018995,33657,0.0328,0.0184,,ok,0.005475686146831623,3.886243921920001e-05,True,True
PTH1R,CES,UKB-PPP,,3,47892855,189.6,0.082440015757522,0.2024476336323958,0.4072164948453609,0.683848987778156,1.08593353258503,0.383309,0.018995,33657,0.0316,0.0183,,ok,0.005475686146831623,3.5878480483200005e-05,True,True
PTH1R,LAS,UKB-PPP,,3,47767214,152.1,0.4441412390239442,0.2458073840678836,1.8068669527896997,0.0707830263404592,1.559150682991966,0.284369,0.0277237,33657,0.1263,0.0356,,ok,0.00435948700550246,0.0010953272603231997,True,True
PTH1R,SVS,UKB-PPP,,3,47929735,139.7,0.4423780074933417,0.2384929054003219,1.8548895899053628,0.0636119948539284,1.5564039616112528,0.265836,0.0292084,33657,0.1176,0.9636,,ok,0.004007664523210954,0.0009701587703807996,True,True
PTH1R,FG_CHD,UKB-PPP,,3,46939587,939.6,0.0281763979444142,0.060615879001952,0.4648352611286365,0.6420494343466004,1.028577107307043,2.25921,0.00265918,33657,0.0636564,0.000492397,,ok,0.02707288443322918,3.988555541466028e-06,True,True
PTH1R,FG_HF,UKB-PPP,,3,46939587,939.6,-0.034917692467721,0.0785597620407133,-0.4444729917794943,0.6567006513203472,0.965684896127385,2.25921,0.00265918,33657,-0.0788864,0.000492397,,ok,0.02707288443322918,6.1254185685842565e-06,True,True
PTH1R,FG_AF,UKB-PPP,,3,46939587,939.6,0.1611846618950872,0.089304225813448,1.80489400615592,0.071091269921644,1.174901908395964,2.25921,0.00265918,33657,0.36415,0.000490558,,ok,0.02707288443322918,0.00013003728334020877,True,True
PTH1R,FG_stroke,UKB-PPP,,3,46939587,939.6,-0.1380155009937102,0.0828546261746362,-1.665754917568622,0.0957622387967711,0.8710851889551102,2.25921,0.00265918,33657,-0.311806,0.000489371,,ok,0.02707288443322918,9.51096488000502e-05,True,True
SPP1,CAD,UKB-PPP,,4,88858885,156.3,-0.026677176388159,0.1088658258889472,-0.2450463786071132,0.8064205208936729,0.973675516240872,-0.11418,0.191739,34028,0.003046,0.797029,,ok,0.004040844654791617,3.0019116662537776e-06,True,True
SPP1,HF,UKB-PPP,,4,88858885,156.3,0.0087581012436503,0.0893326326852338,0.0980392156862745,0.9219011537304164,1.0087965656219844,-0.11418,0.191739,34028,-0.001,,,ok,0.004040844654791617,3.0995031175799995e-07,True,True
SPP1,AF,UKB-PPP,,4,88858885,156.3,-0.0122613417411105,0.0761954808197582,-0.160919540229885,0.8721567719950376,0.9878135222196148,-0.11418,0.191739,34028,0.0014,0.1885,,ok,0.004040844654791617,5.9963358e-07,True,True
SPP1,CAC,UKB-PPP,,4,88858885,156.3,0.0315291644771413,0.2373445437029251,0.1328413284132841,0.8943188686419271,,-0.11418,0.191739,34028,-0.0036,0.1963,24943.0,ok,0.004040844654791617,4.0893027552e-06,True,True
SPP1,AIS,UKB-PPP,,4,88858885,156.3,-0.1655281135049921,0.0788229111928533,-2.1,0.035728841125633,0.8474460381915967,-0.11418,0.191739,34028,0.0189,0.1896999999999999,,ok,0.004040844654791617,0.00010981629158219997,True,True
SPP1,CES,UKB-PPP,,4,88858885,156.3,-0.4650551760378349,0.1804168856191977,-2.5776699029126213,0.009946896824789,0.6281004481394395,-0.11418,0.191739,34028,0.0531,0.8087,,ok,0.004040844654791617,0.0008724116390382001,True,True
SPP1,LAS,UKB-PPP,,4,88858885,156.3,-0.2119460500963391,0.2399719740760203,-0.8832116788321168,0.3771219127123527,0.8090083423113029,-0.11418,0.191739,34028,0.0242,0.8034,,ok,0.004040844654791617,0.0001850018488032,True,True
SPP1,SVS,UKB-PPP,,4,88858885,156.3,-0.0175162024873007,0.2250832019618146,-0.0778210116731517,0.9379704322355612,0.9826363143836864,-0.11418,0.191739,34028,0.002,0.8069,,ok,0.004040844654791617,1.24649912e-06,True,True
SPP1,FG_CHD,UKB-PPP,,4,88858885,156.3,0.0138059204764407,0.0646819057628306,0.2134433163899488,0.830981197246179,1.0139016622904569,-0.11418,0.191739,34028,-0.00157636,0.18934,,ok,0.004040844654791617,7.628197436132352e-07,True,True
SPP1,FG_HF,UKB-PPP,,4,88858885,156.3,-0.1514459625153267,0.0875492205289893,-1.7298379311690146,0.0836592353544952,0.8594643243083624,-0.11418,0.191739,34028,0.0172921,0.18934,,ok,0.004040844654791617,9.17923713688091e-05,True,True
SPP1,FG_AF,UKB-PPP,,4,88858885,156.3,-0.1147801716587843,0.0953205465055175,-1.204149324218786,0.2285318685343357,0.8915621129866519,-0.11418,0.191739,34028,0.0131056,0.189467,,ok,0.004040844654791617,5.275311300809167e-05,True,True
SPP1,FG_stroke,UKB-PPP,,4,88858885,156.3,-0.1189717989139954,0.0904711858469083,-1.315024201355276,0.1885017689962395,0.8878328382591355,-0.11418,0.191739,34028,0.0135842,0.189398,,ok,0.004040844654791617,5.66606026421104e-05,True,True
AHSG,CAD,UKB-PPP,,3,186237034,2464.6,-0.0342335799555172,0.0262657164903998,-1.303356029447344,0.1924532407427942,0.9663457592742716,0.44062,0.761683,33985,-0.015084,0.763674,,ok,0.07048353767697457,8.212635580290754e-05,True,True
AHSG,HF,UKB-PPP,,3,186237034,2464.6,0.0006808587898869,0.0208796695565339,0.0326086956521739,0.9739866353918534,1.000681090626846,0.44062,0.761683,33985,0.0003,,,ok,0.07048353767697457,3.267396135198e-08,True,True
AHSG,AF,UKB-PPP,,3,186237034,2464.6,-0.0206527166265716,0.0177023285370614,-1.1666666666666667,0.2433450091487624,0.9795590900913512,0.44062,0.761683,33985,-0.0091,0.75,,ok,0.07048353767697457,3.105375e-05,True,True
AHSG,CAC,UKB-PPP,,3,186237034,2464.6,-0.0401706686033316,0.0558304207707321,-0.7195121951219512,0.4718253909890116,,0.44062,0.761683,33985,-0.0177,0.7703,23479.0,ok,0.07048353767697457,0.00011086575564780002,True,True
AHSG,AIS,UKB-PPP,,3,186237034,2464.6,0.0029503880895102,0.0190640461168353,0.1547619047619048,0.8770090248888229,1.0029547447680267,0.44062,0.761683,33985,0.0013,0.7626999999999999,,ok,0.07048353767697457,6.117418398e-07,True,True
AHSG,CES,UKB-PPP,,3,186237034,2464.6,-0.0417593391130679,0.0426671508329172,-0.9787234042553192,0.327716664719426,0.9591005707943052,0.44062,0.761683,33985,-0.0184,0.2293,,ok,0.07048353767697457,0.0001196616688512,True,True
AHSG,LAS,UKB-PPP,,3,186237034,2464.6,0.0002269529299623,0.0567382324905814,0.0039999999999999,0.9968084702675368,1.000226978685727,0.44062,0.761683,33985,0.0001,0.2274,,ok,0.07048353767697457,3.5137847999999993e-09,True,True
AHSG,SVS,UKB-PPP,,3,186237034,2464.6,-0.0317734101947256,0.0537878444010712,-0.5907172995780591,0.5547098547200358,0.9687260606619036,0.44062,0.761683,33985,-0.014,0.2297,,ok,0.07048353767697457,6.935966072e-05,True,True
AHSG,FG_CHD,UKB-PPP,,3,186237034,2464.6,0.0312711633607189,0.0149647769052698,2.089651156089527,0.0366491476185575,1.0317652428880593,0.44062,0.761683,33985,0.0137787,0.742655,,ok,0.07048353767697457,7.256869756501443e-05,True,True
AHSG,FG_HF,UKB-PPP,,3,186237034,2464.6,0.0645168172121102,0.0202866415505424,3.18026111179478,0.0014714240254286,1.066643516064072,0.44062,0.761683,33985,0.0284274,0.742655,,ok,0.07048353767697457,0.00030889232716362547,True,True
AHSG,FG_AF,UKB-PPP,,3,186237034,2464.6,0.0520575552630384,0.0221669919658662,2.3484266761678345,0.0188529107666922,1.0534363715760475,0.44062,0.761683,33985,0.0229376,0.743137,,ok,0.07048353767697457,0.00020086135174336934,True,True
AHSG,FG_stroke,UKB-PPP,,3,186237034,2464.6,0.0013536244382914,0.020927329671826,0.0646821385966814,0.948427084372861,1.0013545410013656,0.44062,0.761683,33985,0.000596434,0.742672,,ok,0.07048353767697457,1.359686783576704e-07,True,True
KL,CAD,deCODE,rs10467359,13,33529264,234.3,-0.0555416012558869,0.0549174254317111,-1.0113657153311382,0.311841424098346,0.9459726692007692,-0.3185,0.04031,35364,0.01769,0.92409,,ok,0.00784860796219955,4.39034777369312e-05,True,True
KL,HF,deCODE,rs10467359,13,33529264,234.3,-0.0379905808477237,0.0580847723704866,-0.6540540540540539,0.5130769812412967,0.9627220088736944,-0.3185,0.04031,35364,0.0121,,,ok,0.00784860796219955,1.1327772123998e-05,True,True
KL,AF,deCODE,rs10467359,13,33529264,234.3,-0.0747252747252747,0.0461538461538461,-1.619047619047619,0.1054370177801254,0.9279983959261604,-0.3185,0.04031,35364,0.0238,0.0478,,ok,0.00784860796219955,5.156321446080002e-05,True,True
KL,CAC,deCODE,rs10467359,13,33529264,234.3,-0.2420722135007849,0.134065934065934,-1.8056206088992972,0.0709776212775969,,-0.3185,0.04031,35364,0.0771,0.0534,26245.0,ok,0.00784860796219955,0.0006009613044408,True,True
KL,AIS,deCODE,rs10467359,13,33529264,234.3,0.0028257456828885,0.0489795918367346,0.0576923076923076,0.9539937210643508,1.0028297418653993,-0.3185,0.04031,35364,-0.0009,0.0564999999999999,,ok,0.00784860796219955,8.635855499999985e-08,True,True
KL,CES,deCODE,rs10467359,13,33529264,234.3,-0.0781789638932496,0.1164835164835164,-0.6711590296495956,0.5021192255714126,0.9247989061201792,-0.3185,0.04031,35364,0.0249,0.9487,,ok,0.00784860796219955,6.034967776620001e-05,True,True
KL,LAS,deCODE,rs10467359,13,33529264,234.3,-0.0549450549450549,0.1664050235478806,-0.3301886792452831,0.7412574002648007,0.946537154060669,-0.3185,0.04031,35364,0.0175,0.9482,,ok,0.00784860796219955,3.008401549999998e-05,True,True
KL,SVS,deCODE,rs10467359,13,33529264,234.3,-0.1569858712715855,0.1503924646781789,-1.0438413361169103,0.2965588033996018,0.8547161347845157,-0.3185,0.04031,35364,0.05,0.9483,,ok,0.00784860796219955,0.0002451355499999999,True,True
KL,FG_CHD,deCODE,rs10467359,13,33529264,234.3,-0.0252984615384615,0.034734693877551,-0.7283340865949561,0.4664091011644713,0.9750188629671476,-0.3185,0.04031,35364,0.00805756,0.0729102,,ok,0.00784860796219955,8.777021948913198e-06,True,True
KL,FG_HF,deCODE,rs10467359,13,33529264,234.3,0.0116500784929356,0.0469648351648351,0.2480596057038567,0.8040882889316491,1.0117182049598996,-0.3185,0.04031,35364,-0.00371055,0.0729102,,ok,0.00784860796219955,1.861301230169538e-06,True,True
KL,FG_AF,deCODE,rs10467359,13,33529264,234.3,-0.0233680376766091,0.0514047095761381,-0.4545894309936234,0.649404639773213,0.9769028805371408,-0.3185,0.04031,35364,0.00744272,0.0730515,,ok,0.00784860796219955,7.5020179908003315e-06,True,True
KL,FG_stroke,deCODE,rs10467359,13,33529264,234.3,-0.0199883202511773,0.0486395604395604,-0.4109477978530439,0.681110812976736,0.9802101218479136,-0.3185,0.04031,35364,0.00636628,0.0728571,,ok,0.00784860796219955,5.47545261122595e-06,True,True
MGP,CAD,deCODE,rs7294636,12,15054016,880.7,-0.056976461038961,0.0397435064935065,-1.4336042806960214,0.1516852212375259,0.9446163043912136,-0.2464,0.37407,35365,0.014039,0.65032,,ok,0.028430863452321792,8.963966973421488e-05,True,True
MGP,HF,deCODE,rs7294636,12,15054016,880.7,0.054788961038961,0.0328733766233766,1.6666666666666667,0.0955807045456294,1.0563176669680314,-0.2464,0.37407,35365,-0.0135,,,ok,0.028430863452321792,8.534462599395e-05,True,True
MGP,AF,deCODE,rs7294636,12,15054016,880.7,0.0328733766233766,0.0280032467532467,1.173913043478261,0.2404298573970946,1.033419675867472,-0.2464,0.37407,35365,-0.0081,0.3725,,ok,0.028430863452321792,3.067185487499999e-05,True,True
MGP,CAC,deCODE,rs7294636,12,15054016,880.7,-0.1461038961038961,0.0795454545454545,-1.836734693877551,0.0662490709111944,,-0.2464,0.37407,35365,0.036,0.375,26855.0,ok,0.028430863452321792,0.0006075,True,True
MGP,AIS,deCODE,rs7294636,12,15054016,880.7,-0.0137987012987012,0.0300324675324675,-0.4594594594594594,0.645904258226149,0.9862960643981282,-0.2464,0.37407,35365,0.0034,0.3536,,ok,0.028430863452321792,5.2844699648e-06,True,True
MGP,CES,deCODE,rs7294636,12,15054016,880.7,0.0263798701298701,0.0669642857142857,0.3939393939393939,0.6936257850304162,1.026730898803382,-0.2464,0.37407,35365,-0.0065,0.371,,ok,0.028430863452321792,1.97188355e-05,True,True
MGP,LAS,deCODE,rs7294636,12,15054016,880.7,0.0539772727272727,0.0884740259740259,0.6100917431192661,0.5418010359307883,1.0554606141412597,-0.2464,0.37407,35365,-0.0133,0.3787,,ok,0.028430863452321792,8.323959075179998e-05,True,True
MGP,SVS,deCODE,rs7294636,12,15054016,880.7,-0.0227272727272727,0.0836038961038961,-0.2718446601941748,0.7857414639589655,0.977529046252992,-0.2464,0.37407,35365,0.0056,0.3726,,ok,0.028430863452321792,1.4662006732799998e-05,True,True
MGP,FG_CHD,deCODE,rs7294636,12,15054016,880.7,0.0146194399350649,0.0260765827922077,0.5606348060081522,0.5750465188497929,1.0147268266199725,-0.2464,0.37407,35365,-0.00360223,0.279182,,ok,0.028430863452321792,5.2225897313549025e-06,True,True
MGP,FG_HF,deCODE,rs7294636,12,15054016,880.7,-0.003508547077922,0.0351988636363636,-0.0996778508013374,0.9206000854512936,0.9964976006813744,-0.2464,0.37407,35365,0.000864506,0.279182,,ok,0.028430863452321792,3.008008481740662e-07,True,True
MGP,FG_AF,deCODE,rs7294636,12,15054016,880.7,-0.0866972402597402,0.0385635551948051,-2.2481651347181564,0.0245656619785928,0.9169546705696656,-0.2464,0.37407,35365,0.0213622,0.279314,,ok,0.028430863452321792,0.000183721820015642,True,True
MGP,FG_stroke,deCODE,rs7294636,12,15054016,880.7,-0.0137300324675324,0.0363890422077922,-0.3773122795903754,0.7059415476475606,0.9863637945215044,-0.2464,0.37407,35365,0.00338308,0.279289,,ok,0.028430863452321792,4.6075442281823665e-06,True,True
