gene,outcome,source,snp,chr,pos_hg19,F,beta_MR,se_MR,z,pval,OR,beta_exp,se_exp,eaf_exp,n_exp,beta_out,se_out,eaf_out,n_out,status
SOST,CAD,UKB-PPP,,17,41807310,72.0,0.1182289051601054,0.1572449345071724,0.7518773531920205,0.45212481841375496,1.125501715033092,-0.0611441,0.00720457,0.639132,33628,-0.007229,0.0096146,0.635948,,ok
SOST,HF,UKB-PPP,,17,41807310,72.0,0.03598057703032672,0.13410942347667232,0.2682926829268293,0.7884740380118419,1.0366357117513945,-0.0611441,0.00720457,0.639132,33628,-0.0022,0.0082,,,ok
SOST,AF,UKB-PPP,,17,41807310,72.0,-0.11775461573561471,0.11284817341329743,-1.0434782608695652,0.2967268440414811,0.8889141513996609,-0.0611441,0.00720457,0.639132,33628,0.0072,0.0069,0.6308,,ok
SOST,CAC,UKB-PPP,,17,41807310,72.0,-0.15209971199183567,0.3221897124988347,-0.47208121827411165,0.6368688178870036,,-0.0611441,0.00720457,0.639132,33628,0.0093,0.0197,0.6373,26905.0,ok
SOST,AIS,UKB-PPP,,17,41807310,72.0,-0.2747607700497677,0.12429653883203776,-2.210526315789474,0.02706865622563981,0.7597538573634631,-0.0611441,0.00720457,0.639132,33628,0.0168,0.0076,0.6575,,ok
SOST,CES,UKB-PPP,,17,41807310,72.0,-0.30910586630598863,0.26821884695334464,-1.1524390243902438,0.24914071263162585,0.7341030491342972,-0.0611441,0.00720457,0.639132,33628,0.0189,0.0164,0.6361,,ok
SOST,LAS,UKB-PPP,,17,41807310,72.0,-0.9976432722045135,0.37125413572200755,-2.687224669603524,0.007204847337887831,0.36874745531060554,-0.0611441,0.00720457,0.639132,33628,0.061,0.0227,0.6348,,ok
SOST,SVS,UKB-PPP,,17,41807310,72.0,0.20279961598911422,0.33363807791757505,0.6078431372549019,0.5432915159841617,1.2248270079066712,-0.0611441,0.00720457,0.639132,33628,-0.0124,0.0204,0.6417,,ok
SOST,FG_CHD,UKB-PPP,,17,41807310,72.0,0.2197121226741419,0.10770311444603813,2.0399792875462577,0.04135238873975133,1.2457180649786905,-0.0611441,0.00720457,0.639132,33628,-0.0134341,0.00658541,0.739414,,ok
SOST,FG_HF,UKB-PPP,,17,41807310,72.0,0.06312448789008261,0.1452027260193543,0.43473349034555075,0.6637558862383865,1.0651594304282306,-0.0611441,0.00720457,0.639132,33628,-0.00385969,0.00887829,0.739414,,ok
SOST,FG_AF,UKB-PPP,,17,41807310,72.0,0.124652746544638,0.15947360415804632,0.7816512782961931,0.43441954226798296,1.132755031663485,-0.0611441,0.00720457,0.639132,33628,-0.00762178,0.00975087,0.740161,,ok
SOST,FG_stroke,UKB-PPP,,17,41807310,72.0,0.13084075160154454,0.15016183082259776,0.8713316219227556,0.3835731092445346,1.1397862577225797,-0.0611441,0.00720457,0.639132,33628,-0.00800014,0.00918151,0.739417,,ok
TNFRSF11B,CAD,UKB-PPP,,8,120128070,729.7,0.03876998901775909,0.04938901240189645,0.784992190211732,0.43245814757881373,1.0395313525223555,0.186665,0.00691015,0.546055,33649,0.007237,0.0092192,0.534084,,ok
TNFRSF11B,HF,UKB-PPP,,8,120128070,729.7,0.057857659443387895,0.04178608737578014,1.3846153846153848,0.16617010468287596,1.0595641660227935,0.186665,0.00691015,0.546055,33649,0.0108,0.0078,,,ok
TNFRSF11B,AF,UKB-PPP,,8,120101198,842.0,-0.09557598290641059,0.06605251174683874,-1.4469696969696968,0.147905410893411,0.908849302018572,0.199841,0.00688711,0.499602,33649,-0.0191,0.0132,0.4521,,ok
TNFRSF11B,CAC,UKB-PPP,,8,120101198,842.0,0.030524266792099724,0.12159666935213495,0.25102880658436216,0.8017918376731857,,0.199841,0.00688711,0.499602,33649,0.0061,0.0243,0.4906,15459.0,ok
TNFRSF11B,AIS,UKB-PPP,,8,120128070,729.7,-0.015535852998687488,0.03910749203117885,-0.3972602739726027,0.6911755389426658,0.9845842058226756,0.186665,0.00691015,0.546055,33649,-0.0029,0.0073,0.5268999999999999,,ok
TNFRSF11B,CES,UKB-PPP,,8,120128070,729.7,-0.0032143144135215493,0.08946508450968312,-0.035928143712574856,0.9713396549121293,0.9967908459645464,0.186665,0.00691015,0.546055,33649,-0.0006,0.0167,0.4615,,ok
TNFRSF11B,LAS,UKB-PPP,,8,120128070,729.7,0.01875016741220904,0.11839391423137707,0.1583710407239819,0.8741644319275497,1.0189270556328411,0.186665,0.00691015,0.546055,33649,0.0035,0.0221,0.4553,,ok
TNFRSF11B,SVS,UKB-PPP,,8,120128070,729.7,0.047143278064982724,0.10928669005973268,0.4313725490196078,0.666197506589673,1.0482721927317369,0.186665,0.00691015,0.546055,33649,0.0088,0.0204,0.4597,,ok
TNFRSF11B,FG_CHD,UKB-PPP,,8,120101198,842.0,0.008970431493036965,0.029222882191342118,0.3069660081542073,0.7588692454812425,1.009010786390313,0.199841,0.00688711,0.499602,33649,0.00179266,0.00583993,0.425985,,ok
TNFRSF11B,FG_HF,UKB-PPP,,8,120101198,842.0,-0.04665358960373497,0.03948699215876622,-1.181492614483115,0.23740708567459712,0.954417960635774,0.199841,0.00688711,0.499602,33649,-0.0093233,0.00789112,0.425985,,ok
TNFRSF11B,FG_AF,UKB-PPP,,8,120101198,842.0,-0.07836780240291032,0.043419568557002824,-1.8048959261312363,0.07109096941996637,0.9246242849611301,0.199841,0.00688711,0.499602,33649,-0.0156611,0.00867701,0.426211,,ok
TNFRSF11B,FG_stroke,UKB-PPP,,8,120101198,842.0,-0.003540549737040948,0.040809443507588535,-0.08675809892831744,0.930863794197737,0.996465710618633,0.199841,0.00688711,0.499602,33649,-0.000707547,0.0081554,0.426064,,ok
TNFSF11,CAD,UKB-PPP,,13,43052880,229.5,0.008572833325883877,0.08444374916193625,0.10152123053470671,0.9191367050954005,1.0086096852948208,-0.111865,0.00738466,0.531643,33657,-0.000959,0.0094463,0.503525,,ok
TNFSF11,HF,UKB-PPP,,13,43052880,229.5,-0.015196889107406247,0.07151477227014705,-0.2125,0.8317169777818152,0.984918000885416,-0.111865,0.00738466,0.531643,33657,0.0017,0.008,,,ok
TNFSF11,AF,UKB-PPP,,13,43052880,229.5,0.10816609305859741,0.05989362177624816,1.8059701492537312,0.07092300241992895,1.1142327963513374,-0.111865,0.00738466,0.531643,33657,-0.0121,0.0067,0.5549,,ok
TNFSF11,CAC,UKB-PPP,,13,43052880,229.5,-0.09207526929781433,0.1734233227551066,-0.5309278350515464,0.5954687881023495,,-0.111865,0.00738466,0.531643,33657,0.0103,0.0194,0.5255,26149.0,ok
TNFSF11,AIS,UKB-PPP,,13,43052880,229.5,-0.045590667322218746,0.06257542573637867,-0.7285714285714285,0.46626386095685146,0.9554329720955977,-0.111865,0.00738466,0.531643,33657,0.0051,0.007,0.5538,,ok
TNFSF11,CES,UKB-PPP,,13,43052880,229.5,0.19040808116926652,0.14213560988691726,1.339622641509434,0.18036805900974995,1.2097431703490096,-0.111865,0.00738466,0.531643,33657,-0.0213,0.0159,0.5452,,ok
TNFSF11,LAS,UKB-PPP,,13,43052880,229.5,0.17878693067536763,0.19040808116926652,0.9389671361502347,0.34774761771249185,1.1957659359825454,-0.111865,0.00738466,0.531643,33657,-0.02,0.0213,0.5218,,ok
TNFSF11,SVS,UKB-PPP,,13,43052880,229.5,-0.26639252670629776,0.17878693067536763,-1.49,0.13622423593345087,0.7661383387124017,-0.111865,0.00738466,0.531643,33657,0.0298,0.02,0.5343,,ok
TNFSF11,FG_CHD,UKB-PPP,,13,43052880,229.5,-0.040254056228489696,0.05296875698386448,-0.7599584834651117,0.4472794015600279,0.9605453756152831,-0.111865,0.00738466,0.531643,33657,0.00450302,0.00592535,0.613055,,ok
TNFSF11,FG_HF,UKB-PPP,,13,43052880,229.5,0.03890081795020784,0.07149063603450588,0.5441386467932927,0.5863460676961987,1.039667362196259,-0.111865,0.00738466,0.531643,33657,-0.00435164,0.0079973,0.613055,,ok
TNFSF11,FG_AF,UKB-PPP,,13,43052880,229.5,0.006030027265006927,0.07852491842846288,0.07679125793044093,0.9387896053644427,1.0060482444777712,-0.111865,0.00738466,0.531643,33657,-0.000674549,0.00878419,0.613139,,ok
TNFSF11,FG_stroke,UKB-PPP,,13,43052880,229.5,-0.03837348589818084,0.0739276806865418,-0.5190678990848763,0.6037133928481281,0.962353448320662,-0.111865,0.00738466,0.531643,33657,0.00429265,0.00826992,0.612935,,ok
TNFRSF11A,CAD,UKB-PPP,,18,59685111,1855.5,-0.020554078218033376,0.03259192931864231,-0.6306493247785921,0.5282698400474162,0.9796557170065512,-0.369659,0.00858169,0.239773,34049,0.007598,0.0120479,0.789367,,ok
TNFRSF11A,HF,UKB-PPP,,18,59685111,1855.5,0.005139872152443197,0.024887802001303902,0.20652173913043478,0.8363833853696635,1.005153103955527,-0.369659,0.00858169,0.239773,34049,-0.0019,0.0092,,,ok
TNFRSF11A,AF,UKB-PPP,,18,59685111,1855.5,-0.03273287002345405,0.021371047370684876,-1.5316455696202531,0.12560992086815959,0.9677970526658499,-0.369659,0.00858169,0.239773,34049,0.0121,0.0079,0.2327,,ok
TNFRSF11A,CAC,UKB-PPP,,18,59685111,1855.5,-0.015149096870358897,0.060325867894464896,-0.25112107623318386,0.8017205014248872,,-0.369659,0.00858169,0.239773,34049,0.0056,0.0223,0.2344,26877.0,ok
TNFRSF11A,AIS,UKB-PPP,,18,59685111,1855.5,-0.030298193740717794,0.02218260613159696,-1.3658536585365852,0.17198490049961046,0.9701561959061774,-0.369659,0.00858169,0.239773,34049,0.0112,0.0082,0.2388,,ok
TNFRSF11A,CES,UKB-PPP,,18,59685111,1855.5,-0.09792809048339145,0.05085768235049059,-1.925531914893617,0.05416284722132167,0.9067141027825107,-0.369659,0.00858169,0.239773,34049,0.0362,0.0188,0.2288,,ok
TNFRSF11A,LAS,UKB-PPP,,18,59685111,1855.5,0.06573625963387879,0.06708885756873226,0.9798387096774194,0.32716574091229955,1.0679450198096223,-0.369659,0.00858169,0.239773,34049,-0.0243,0.0248,0.2364,,ok
TNFRSF11A,SVS,UKB-PPP,,18,59685111,1855.5,-0.017313253566124457,0.06276054417720114,-0.2758620689655173,0.7826540084147535,0.9828357596015104,-0.369659,0.00858169,0.239773,34049,0.0064,0.0232,0.2344,,ok
TNFRSF11A,FG_CHD,UKB-PPP,,18,59685111,1855.5,0.03310889224934331,0.017677508189980495,1.8729388720130382,0.06107682658687833,1.03366309101223,-0.369659,0.00858169,0.239773,34049,-0.012239,0.00653465,0.267894,,ok
TNFRSF11A,FG_HF,UKB-PPP,,18,59685111,1855.5,0.016221625876821612,0.023932570287751684,0.6778054208880183,0.4978950735129596,1.0163539107739246,-0.369659,0.00858169,0.239773,34049,-0.00599647,0.00884689,0.267894,,ok
TNFRSF11A,FG_AF,UKB-PPP,,18,59685111,1855.5,0.002855577708103955,0.02619487148967021,0.1090128542615693,0.9131922948725655,1.002859658753784,-0.369659,0.00858169,0.239773,34049,-0.00105559,0.00968317,0.268088,,ok
TNFRSF11A,FG_stroke,UKB-PPP,,18,59685111,1855.5,-0.0069167530075015075,0.02472175707882129,-0.2797840374148394,0.7796431991098671,0.9931071126725426,-0.369659,0.00858169,0.239773,34049,0.00255684,0.00913862,0.268025,,ok
FGF23,CAD,UKB-PPP,,12,4491909,191.9,0.0029915240152900116,0.08986667405314572,0.033288469244125714,0.9734445488753225,1.0029960030885618,0.108306,0.00781877,0.338541,33905,0.000324,0.0097331,0.671025,,ok
FGF23,HF,UKB-PPP,,12,4491909,191.9,-0.15049951064576292,0.07755803002603734,-1.9404761904761902,0.05232184501654364,0.8602781509880684,0.108306,0.00781877,0.338541,33905,-0.0163,0.0084,,,ok
FGF23,AF,UKB-PPP,,12,4491909,191.9,-0.13387993278304064,0.0655550015696268,-2.04225352112676,0.04112638995352261,0.8746950805027285,0.108306,0.00781877,0.338541,33905,-0.0145,0.0071,0.3420999999999999,,ok
FGF23,CAC,UKB-PPP,,12,4491909,191.9,0.3471645153546433,0.18927852565878162,1.8341463414634145,0.06663227402827121,,0.108306,0.00781877,0.338541,33905,0.0376,0.0205,0.33,26245.0,ok
FGF23,AIS,UKB-PPP,,12,4491909,191.9,-0.058168522519528004,0.07017155097593855,-0.8289473684210525,0.40713418988485195,0.9434909345691048,0.108306,0.00781877,0.338541,33905,-0.0063,0.0076,0.331,,ok
FGF23,CES,UKB-PPP,,12,4491909,191.9,0.09694753753254667,0.1597326094583864,0.6069364161849712,0.5438931097005375,1.1018025688233257,0.108306,0.00781877,0.338541,33905,0.0105,0.0173,0.3239,,ok
FGF23,LAS,UKB-PPP,,12,4491909,191.9,-0.23913725924694845,0.214207892452865,-1.1163793103448276,0.26425980584041575,0.787306809816046,0.108306,0.00781877,0.338541,33905,-0.0259,0.0232,0.3165,,ok
FGF23,SVS,UKB-PPP,,12,4491909,191.9,-0.006463169168836445,0.19851162447140508,-0.03255813953488373,0.9740269519299946,0.9935576721844459,0.108306,0.00781877,0.338541,33905,-0.0007,0.0215,0.3211,,ok
FGF23,FG_CHD,UKB-PPP,,12,4491909,191.9,-0.0751977729765664,0.05591232249367533,-1.3449230799717287,0.17865007603196048,0.9275600218805246,0.108306,0.00781877,0.338541,33905,-0.00814437,0.00605564,0.354696,,ok
FGF23,FG_HF,UKB-PPP,,12,4491909,191.9,-0.03955099440474212,0.07559405757760419,-0.5232024271767581,0.600833392554603,0.9612209358513341,0.108306,0.00781877,0.338541,33905,-0.00428361,0.00818729,0.354696,,ok
FGF23,FG_AF,UKB-PPP,,12,4491909,191.9,-0.005129457278451794,0.08282320462393589,-0.061932610573841314,0.9506164978530067,0.9948836759225408,0.108306,0.00781877,0.338541,33905,-0.000555551,0.00897025,0.353843,,ok
FGF23,FG_stroke,UKB-PPP,,12,4491909,191.9,0.036379424962605954,0.07811940243384484,0.4656900056732225,0.6414374072172611,1.0370492542263516,0.108306,0.00781877,0.338541,33905,0.00394011,0.0084608,0.354733,,ok
DKK1,CAD,UKB-PPP,,10,54119880,184.5,-0.08485461834883812,0.09386652913471644,-0.9039922870382849,0.3659994912314747,0.9186458289412037,-0.102764,0.0075648,0.434695,33962,0.00872,0.0096461,0.563726,,ok
DKK1,HF,UKB-PPP,,10,54119880,184.5,-0.21408275271495855,0.07784827371453039,-2.7499999999999996,0.005959526470109118,0.8072815775161928,-0.102764,0.0075648,0.434695,33962,0.022,0.008,,,ok
DKK1,AF,UKB-PPP,,10,54119880,184.5,-0.013623447900042817,0.06617103265735082,-0.2058823529411765,0.8368828104642272,0.9864689312828095,-0.102764,0.0075648,0.434695,33962,0.0014,0.0068,0.427,,ok
DKK1,CAC,UKB-PPP,,10,54119880,184.5,0.33182826670818577,0.19170137402203105,1.7309644670050763,0.08345810219593067,,-0.102764,0.0075648,0.434695,33962,-0.0341,0.0197,0.4501,26245.0,ok
DKK1,AIS,UKB-PPP,,10,54119880,184.5,-0.022381378692927487,0.06909034292164572,-0.323943661971831,0.7459806873130155,0.9778672262023319,-0.102764,0.0075648,0.434695,33962,0.0023,0.0071,0.4337999999999999,,ok
DKK1,CES,UKB-PPP,,10,54119880,184.5,-0.32890895644389084,0.15861585769335565,-2.0736196319018405,0.0381146504742676,0.7197085385890747,-0.102764,0.0075648,0.434695,33962,0.0338,0.0163,0.564,,ok
DKK1,LAS,UKB-PPP,,10,54119880,184.5,0.22770620061500138,0.21019033902923204,1.0833333333333333,0.27866049489924416,1.2557163425423536,-0.102764,0.0075648,0.434695,33962,-0.0234,0.0216,0.5513,,ok
DKK1,SVS,UKB-PPP,,10,54119880,184.5,-0.10704137635747928,0.1965668911291892,-0.5445544554455446,0.5860599860511375,0.8984884960399843,-0.102764,0.0075648,0.434695,33962,0.011,0.0202,0.5627,,ok
DKK1,FG_CHD,UKB-PPP,,10,54119880,184.5,-0.06527713985442372,0.05679732201938423,-1.14929960662838,0.25043246025262333,0.9368078006201291,-0.102764,0.0075648,0.434695,33962,0.00670814,0.00583672,0.433075,,ok
DKK1,FG_HF,UKB-PPP,,10,54119880,184.5,-0.11863006500330855,0.07669553540150247,-1.5467662411153151,0.12191962342925879,0.8881362926943723,-0.102764,0.0075648,0.434695,33962,0.0121909,0.00788154,0.433075,,ok
DKK1,FG_AF,UKB-PPP,,10,54119880,184.5,-0.1926472305476626,0.08406951850842709,-2.291522943935402,0.021933186424948212,0.8247728775014804,-0.102764,0.0075648,0.434695,33962,0.0197972,0.00863932,0.433759,,ok
DKK1,FG_stroke,UKB-PPP,,10,54119880,184.5,0.03668560974660387,0.07930277139854425,0.4626018624524048,0.6436497734193327,1.0373668315444424,-0.102764,0.0075648,0.434695,33962,-0.00376996,0.00814947,0.432978,,ok
BGLAP,CAD,UKB-PPP,,1,156241701,173.3,-0.12950916617386163,0.09484364104963063,-1.3655018379786887,0.17209537581023016,0.8785265356523722,-0.113297,0.00860714,0.245514,33924,0.014673,0.0107455,0.7594,,ok
BGLAP,HF,UKB-PPP,,1,156241701,173.3,0.12445166244472493,0.08385041086701325,1.4842105263157894,0.1377530780985087,1.132527275537356,-0.113297,0.00860714,0.245514,33924,-0.0141,0.0095,,,ok
BGLAP,AF,UKB-PPP,,1,156241701,173.3,-0.07767195953997018,0.0697282364052005,-1.1139240506329116,0.26531177060278077,0.9252679020729385,-0.113297,0.00860714,0.245514,33924,0.0088,0.0079,0.2256,,ok
BGLAP,CAC,UKB-PPP,,1,156241701,173.3,-0.1288648419640414,0.21183261692719138,-0.6083333333333333,0.5429664174035744,,-0.113297,0.00860714,0.245514,33924,0.0146,0.024,0.2347,24222.0,ok
BGLAP,AIS,UKB-PPP,,1,156241701,173.3,0.07943723134769676,0.07767195953997018,1.0227272727272725,0.30643681273469814,1.082677599182792,-0.113297,0.00860714,0.245514,33924,-0.009,0.0088,0.2198999999999999,,ok
BGLAP,CES,UKB-PPP,,1,156241701,173.3,-0.5631217066647837,0.1756445448687962,-3.2060301507537683,0.0013457988634226496,0.5694286970444864,-0.113297,0.00860714,0.245514,33924,0.0638,0.0199,0.7693,,ok
BGLAP,LAS,UKB-PPP,,1,156241701,173.3,0.1977104424653786,0.22683742729286743,0.8715953307392996,0.38342917884039474,1.2186094851722367,-0.113297,0.00860714,0.245514,33924,-0.0224,0.0257,0.7574,,ok
BGLAP,SVS,UKB-PPP,,1,156241701,173.3,0.2347811504276371,0.21448052463878126,1.0946502057613168,0.2736699113352472,1.264631974279055,-0.113297,0.00860714,0.245514,33924,-0.0266,0.0243,0.7649,,ok
BGLAP,FG_CHD,UKB-PPP,,1,156241701,173.3,-0.08224498442147629,0.06888373037238409,-1.193968212477192,0.23249040266025822,0.9210462890624261,-0.113297,0.00860714,0.245514,33924,0.00931811,0.00780432,0.166489,,ok
BGLAP,FG_HF,UKB-PPP,,1,156241701,173.3,-0.22149659743859063,0.09292920377415113,-2.3834982808730505,0.017148964566751877,0.8013186486792069,-0.113297,0.00860714,0.245514,33924,0.0250949,0.0105286,0.166489,,ok
BGLAP,FG_AF,UKB-PPP,,1,156241701,173.3,-0.31116269627615917,0.10127011306565929,-3.072601450285874,0.002122016893215789,0.7325946757472093,-0.113297,0.00860714,0.245514,33924,0.0352538,0.0114736,0.167158,,ok
BGLAP,FG_stroke,UKB-PPP,,1,156241701,173.3,0.006937747689700522,0.0961834823516951,0.07213034421370432,0.9424981779220666,1.0069618696128764,-0.113297,0.00860714,0.245514,33924,-0.000786026,0.0108973,0.166387,,ok
CTSK,CAD,eQTLGen,rs78685532,1,150738197,7159.6,-0.04832127676346283,0.01433129998726632,-3.371730185426121,0.0007469758849072693,0.9528276165246211,0.659668,0.00779617,0.46732,25887,-0.031876,0.0094539,0.507187,,ok
CTSK,HF,eQTLGen,rs78685532,1,150738197,7159.6,-0.0072763875161444835,0.011824129713734787,-0.6153846153846153,0.538300749018723,0.9927500212990858,0.659668,0.00779617,0.46732,25887,-0.0048,0.0078,,,ok
CTSK,AF,eQTLGen,rs78685532,1,150738197,7159.6,-0.017584603164015836,0.01015662424128501,-1.7313432835820892,0.08339055585385421,0.9825691036934722,0.659668,0.00779617,0.46732,25887,-0.0116,0.0067,0.5528,,ok
CTSK,CAC,eQTLGen,rs78685532,1,150738197,7159.6,-0.04123286259148541,0.028953958657991594,-1.4240837696335078,0.154422224131374,,0.659668,0.00779617,0.46732,25887,-0.0272,0.0191,0.5342,26892.0,ok
CTSK,AIS,eQTLGen,rs78685532,1,150738197,7159.6,0.013340043779598222,0.013340043779598222,1.0,0.31731050786291415,1.0134294191451856,0.659668,0.00779617,0.46732,25887,0.0088,0.0088,0.5414,,ok
CTSK,CES,eQTLGen,rs78685532,1,150738197,7159.6,0.011824129713734787,0.03759466883341317,0.31451612903225806,0.7531290683489504,1.0118943110738752,0.659668,0.00779617,0.46732,25887,0.0078,0.0248,0.5449,,ok
CTSK,LAS,eQTLGen,rs2089081,1,150800117,6853.8,0.03539078117975648,0.03347776598085072,1.0571428571428572,0.29044639432372954,1.036024488576215,0.627282,0.00757697,0.473658,28080,0.0222,0.021,0.4716,,ok
CTSK,SVS,eQTLGen,rs2089081,1,150800117,6853.8,0.01498528572476175,0.03315893011436642,0.451923076923077,0.651324399083018,1.0150981280725788,0.627282,0.00757697,0.473658,28080,0.0094,0.0208,0.465,,ok
CTSK,FG_CHD,eQTLGen,rs78685532,1,150738197,7159.6,-0.03336663291231347,0.008787875112935597,-3.796894298508905,0.0001465202277042996,0.9671838931293256,0.659668,0.00779617,0.46732,25887,-0.0220109,0.00579708,0.55275,,ok
CTSK,FG_HF,eQTLGen,rs78685532,1,150738197,7159.6,-0.026832133740002543,0.011863543479447236,-2.261730130334781,0.023714081972804966,0.9735246497505581,0.659668,0.00779617,0.46732,25887,-0.0177003,0.007826,0.55275,,ok
CTSK,FG_AF,eQTLGen,rs78685532,1,150738197,7159.6,-0.048961144090663794,0.012995158170473631,-3.767645106614298,0.00016479475338903438,0.9522181282809542,0.659668,0.00779617,0.46732,25887,-0.0322981,0.00857249,0.553315,,ok
CTSK,FG_stroke,eQTLGen,rs78685532,1,150738197,7159.6,0.0009647989594765851,0.012270627042694205,0.07862670392635034,0.9373295466263346,1.0009652645277072,0.659668,0.00779617,0.46732,25887,0.000636447,0.00809454,0.552943,,ok
ESR1,CAD,eQTLGen,rs3020333,6,152010254,204.2,-0.06690248905687196,0.07742969746894736,-0.8640417209908735,0.38756497199450113,0.9352863975491098,-0.123822,0.00866507,0.459469,26609,0.008284,0.0095875,0.584512,,ok
ESR1,HF,eQTLGen,rs3020333,6,152010254,204.2,0.1348710245352199,0.06380126310348727,2.113924050632911,0.034521754693324386,1.1443891767066818,-0.123822,0.00866507,0.459469,26609,-0.0167,0.0079,,,ok
ESR1,AF,eQTLGen,rs3020333,6,152010254,204.2,0.176866792653971,0.05410993199916009,3.26865671641791,0.0010805931712784959,1.1934721032866282,-0.123822,0.00866507,0.459469,26609,-0.0219,0.0067,0.4542,,ok
ESR1,CAC,eQTLGen,rs3020333,6,152010254,204.2,-0.08479914716286283,0.15829174137067725,-0.5357142857142858,0.5921560289089229,,-0.123822,0.00866507,0.459469,26609,0.0105,0.0196,0.4535,26134.0,ok
ESR1,AIS,eQTLGen,rs3020333,6,152010254,204.2,0.03553488071586633,0.05653276477524188,0.6285714285714287,0.5296296702875958,1.0361737899812908,-0.123822,0.00866507,0.459469,26609,-0.0044,0.007,0.4665,,ok
ESR1,CES,eQTLGen,rs3020333,6,152010254,204.2,0.07430020513317503,0.12921774805769573,0.575,0.5652912969944013,1.0771301169541192,-0.123822,0.00866507,0.459469,26609,-0.0092,0.016,0.5412,,ok
ESR1,LAS,eQTLGen,rs3020333,6,152010254,204.2,0.193019011161183,0.17282873802716803,1.1168224299065421,0.2640702564696329,1.2129058520485871,-0.123822,0.00866507,0.459469,26609,-0.0239,0.0214,0.5503,,ok
ESR1,SVS,eQTLGen,rs3020333,6,152010254,204.2,-0.030689215163702734,0.15990696322139847,-0.1919191919191919,0.8478055039087032,0.9697769182076218,-0.123822,0.00866507,0.459469,26609,0.0038,0.0198,0.543,,ok
ESR1,FG_CHD,eQTLGen,rs3020333,6,152010254,204.2,-0.008676648737704122,0.046514028201773513,-0.18653832130095527,0.8520226301433299,0.991360884745559,-0.123822,0.00866507,0.459469,26609,0.00107436,0.00575946,0.489751,,ok
ESR1,FG_HF,eQTLGen,rs3020333,6,152010254,204.2,0.20289366994556704,0.06286596889082716,3.2274006672499005,0.0012492040534423617,1.2249422131504046,-0.123822,0.00866507,0.459469,26609,-0.0251227,0.00778419,0.489751,,ok
ESR1,FG_AF,eQTLGen,rs3020333,6,152010254,204.2,0.23376378995655053,0.06875054513737462,3.400173620288435,0.0006734307811258424,1.263346041937232,-0.123822,0.00866507,0.459469,26609,-0.0289451,0.00851283,0.489848,,ok
ESR1,FG_stroke,eQTLGen,rs3020333,6,152010254,204.2,0.07451616029461647,0.06502818562129509,1.1459055728323182,0.2518342251334802,1.077362753881088,-0.123822,0.00866507,0.459469,26609,-0.00922674,0.00805192,0.489729,,ok
PTH1R,CAD,UKB-PPP,,3,47581382,326.2,0.03809870515511014,0.026879761683821814,1.4173751093202844,0.15637328598158406,1.0388337660661506,-2.10141,0.116352,0.00129134,33657,-0.080061,0.0564854,0.988277,,ok
PTH1R,HF,UKB-PPP,,3,47892855,189.6,0.05478608642113804,0.08817951052545074,0.6213017751479291,0.5344010859499645,1.0563146304628037,0.383309,0.0278403,0.018995,33657,0.021,0.0338,,,ok
PTH1R,AF,UKB-PPP,,3,46939587,939.6,-0.041828780857025245,0.03948282806821854,-1.0594170403587444,0.28940989250228455,0.9590339714904516,2.25921,0.073702,0.00265918,33657,-0.0945,0.0892,0.0023999999999999,,ok
PTH1R,CAC,UKB-PPP,,3,47581382,326.2,0.039877986685130457,0.06429016707829505,0.620281273131014,0.535072621879632,,-2.10141,0.116352,0.00129134,33657,-0.0838,0.1351,0.0119,19060.0,ok
PTH1R,AIS,UKB-PPP,,3,47892855,189.6,0.08557064926730132,0.09000571340615535,0.9507246376811594,0.3417441778250133,1.0893385195937642,0.383309,0.0278403,0.018995,33657,0.0328,0.0345,0.0184,,ok
PTH1R,CES,UKB-PPP,,3,47892855,189.6,0.08244001575752201,0.2024476336323958,0.4072164948453609,0.683848987778156,1.0859335325850301,0.383309,0.0278403,0.018995,33657,0.0316,0.0776,0.0183,,ok
PTH1R,LAS,UKB-PPP,,3,47767214,152.1,0.44414123902394426,0.24580738406788366,1.8068669527896994,0.07078302634045927,1.5591506829919661,0.284369,0.0230549,0.0277237,33657,0.1263,0.0699,0.0356,,ok
PTH1R,SVS,UKB-PPP,,3,47929735,139.7,0.4423780074933417,0.23849290540032198,1.8548895899053628,0.06361199485392842,1.5564039616112528,0.265836,0.0224898,0.0292084,33657,0.1176,0.0634,0.9636,,ok
PTH1R,FG_CHD,UKB-PPP,,3,46939587,939.6,0.0281763979444142,0.06061587900195201,0.4648352611286365,0.6420494343466004,1.028577107307043,2.25921,0.073702,0.00265918,33657,0.0636564,0.136944,0.000492397,,ok
PTH1R,FG_HF,UKB-PPP,,3,46939587,939.6,-0.034917692467721015,0.07855976204071335,-0.4444729917794943,0.6567006513203472,0.965684896127385,2.25921,0.073702,0.00265918,33657,-0.0788864,0.177483,0.000492397,,ok
PTH1R,FG_AF,UKB-PPP,,3,46939587,939.6,0.1611846618950872,0.08930422581344806,1.8048940061559202,0.071091269921644,1.174901908395964,2.25921,0.073702,0.00265918,33657,0.36415,0.201757,0.000490558,,ok
PTH1R,FG_stroke,UKB-PPP,,3,46939587,939.6,-0.1380155009937102,0.08285462617463626,-1.665754917568622,0.09576223879677116,0.8710851889551102,2.25921,0.073702,0.00265918,33657,-0.311806,0.187186,0.000489371,,ok
SPP1,CAD,UKB-PPP,,4,88858885,156.3,-0.026677176388159047,0.10886582588894728,-0.24504637860711326,0.8064205208936729,0.9736755162408719,-0.11418,0.00913278,0.191739,34028,0.003046,0.0124303,0.797029,,ok
SPP1,HF,UKB-PPP,,4,88858885,156.3,0.008758101243650377,0.08933263268523385,0.0980392156862745,0.9219011537304164,1.0087965656219844,-0.11418,0.00913278,0.191739,34028,-0.001,0.0102,,,ok
SPP1,AF,UKB-PPP,,4,88858885,156.3,-0.012261341741110527,0.07619548081975827,-0.16091954022988508,0.8721567719950376,0.9878135222196147,-0.11418,0.00913278,0.191739,34028,0.0014,0.0087,0.1885,,ok
SPP1,CAC,UKB-PPP,,4,88858885,156.3,0.03152916447714135,0.23734454370292518,0.13284132841328414,0.8943188686419271,,-0.11418,0.00913278,0.191739,34028,-0.0036,0.0271,0.1963,24943.0,ok
SPP1,AIS,UKB-PPP,,4,88858885,156.3,-0.1655281135049921,0.07882291119285338,-2.1,0.035728841125633085,0.8474460381915967,-0.11418,0.00913278,0.191739,34028,0.0189,0.009,0.1896999999999999,,ok
SPP1,CES,UKB-PPP,,4,88858885,156.3,-0.46505517603783497,0.18041688561919775,-2.5776699029126213,0.009946896824789027,0.6281004481394395,-0.11418,0.00913278,0.191739,34028,0.0531,0.0206,0.8087,,ok
SPP1,LAS,UKB-PPP,,4,88858885,156.3,-0.2119460500963391,0.2399719740760203,-0.8832116788321168,0.37712191271235274,0.8090083423113029,-0.11418,0.00913278,0.191739,34028,0.0242,0.0274,0.8034,,ok
SPP1,SVS,UKB-PPP,,4,88858885,156.3,-0.017516202487300753,0.22508320196181467,-0.07782101167315175,0.9379704322355613,0.9826363143836863,-0.11418,0.00913278,0.191739,34028,0.002,0.0257,0.8069,,ok
SPP1,FG_CHD,UKB-PPP,,4,88858885,156.3,0.013805920476440707,0.06468190576283062,0.2134433163899488,0.830981197246179,1.0139016622904569,-0.11418,0.00913278,0.191739,34028,-0.00157636,0.00738538,0.18934,,ok
SPP1,FG_HF,UKB-PPP,,4,88858885,156.3,-0.1514459625153267,0.08754922052898931,-1.7298379311690146,0.08365923535449526,0.8594643243083624,-0.11418,0.00913278,0.191739,34028,0.0172921,0.00999637,0.18934,,ok
SPP1,FG_AF,UKB-PPP,,4,88858885,156.3,-0.11478017165878437,0.09532054650551759,-1.204149324218786,0.2285318685343357,0.8915621129866519,-0.11418,0.00913278,0.191739,34028,0.0131056,0.0108837,0.189467,,ok
SPP1,FG_stroke,UKB-PPP,,4,88858885,156.3,-0.11897179891399544,0.09047118584690839,-1.315024201355276,0.1885017689962395,0.8878328382591355,-0.11418,0.00913278,0.191739,34028,0.0135842,0.01033,0.189398,,ok
AHSG,CAD,UKB-PPP,,3,186237034,2464.6,-0.03423357995551723,0.026265716490399892,-1.3033560294473439,0.19245324074279424,0.9663457592742716,0.44062,0.00887541,0.761683,33985,-0.015084,0.0115732,0.763674,,ok
AHSG,HF,UKB-PPP,,3,186237034,2464.6,0.0006808587898869773,0.020879669556533975,0.032608695652173905,0.9739866353918534,1.000681090626846,0.44062,0.00887541,0.761683,33985,0.0003,0.0092,,,ok
AHSG,AF,UKB-PPP,,3,186237034,2464.6,-0.02065271662657165,0.017702328537061413,-1.1666666666666667,0.24334500914876245,0.9795590900913512,0.44062,0.00887541,0.761683,33985,-0.0091,0.0078,0.75,,ok
AHSG,CAC,UKB-PPP,,3,186237034,2464.6,-0.04017066860333167,0.05583042077073215,-0.7195121951219512,0.47182539098901166,,0.44062,0.00887541,0.761683,33985,-0.0177,0.0246,0.7703,23479.0,ok
AHSG,AIS,UKB-PPP,,3,186237034,2464.6,0.0029503880895102356,0.019064046116835365,0.1547619047619048,0.8770090248888229,1.0029547447680267,0.44062,0.00887541,0.761683,33985,0.0013,0.0084,0.7626999999999999,,ok
AHSG,CES,UKB-PPP,,3,186237034,2464.6,-0.04175933911306795,0.04266715083291726,-0.9787234042553191,0.32771666471942607,0.9591005707943053,0.44062,0.00887541,0.761683,33985,-0.0184,0.0188,0.2293,,ok
AHSG,LAS,UKB-PPP,,3,186237034,2464.6,0.0002269529299623258,0.05673823249058146,0.003999999999999999,0.9968084702675367,1.000226978685727,0.44062,0.00887541,0.761683,33985,0.0001,0.025,0.2274,,ok
AHSG,SVS,UKB-PPP,,3,186237034,2464.6,-0.03177341019472561,0.05378784440107121,-0.5907172995780591,0.5547098547200358,0.9687260606619035,0.44062,0.00887541,0.761683,33985,-0.014,0.0237,0.2297,,ok
AHSG,FG_CHD,UKB-PPP,,3,186237034,2464.6,0.03127116336071899,0.014964776905269846,2.089651156089527,0.036649147618557504,1.0317652428880593,0.44062,0.00887541,0.761683,33985,0.0137787,0.00659378,0.742655,,ok
AHSG,FG_HF,UKB-PPP,,3,186237034,2464.6,0.06451681721211021,0.02028664155054242,3.18026111179478,0.001471424025428602,1.066643516064072,0.44062,0.00887541,0.761683,33985,0.0284274,0.0089387,0.742655,,ok
AHSG,FG_AF,UKB-PPP,,3,186237034,2464.6,0.052057555263038444,0.02216699196586628,2.3484266761678345,0.01885291076669222,1.0534363715760475,0.44062,0.00887541,0.761683,33985,0.0229376,0.00976722,0.743137,,ok
AHSG,FG_stroke,UKB-PPP,,3,186237034,2464.6,0.0013536244382914983,0.02092732967182606,0.06468213859668148,0.948427084372861,1.0013545410013656,0.44062,0.00887541,0.761683,33985,0.000596434,0.009221,0.742672,,ok
KL,CAD,deCODE,rs10467359,13,33529264,234.3,-0.055541601255886974,0.05491742543171114,-1.0113657153311382,0.31184142409834603,0.9459726692007692,-0.3185,0.020808,0.04031,35364,0.01769,0.0174912,0.92409,,ok
KL,HF,deCODE,rs10467359,13,33529264,234.3,-0.0379905808477237,0.058084772370486655,-0.6540540540540539,0.5130769812412967,0.9627220088736944,-0.3185,0.020808,0.04031,35364,0.0121,0.0185,,,ok
KL,AF,deCODE,rs10467359,13,33529264,234.3,-0.07472527472527472,0.04615384615384615,-1.619047619047619,0.10543701778012543,0.9279983959261604,-0.3185,0.020808,0.04031,35364,0.0238,0.0147,0.0478,,ok
KL,CAC,deCODE,rs10467359,13,33529264,234.3,-0.24207221350078492,0.13406593406593406,-1.8056206088992974,0.07097762127759699,,-0.3185,0.020808,0.04031,35364,0.0771,0.0427,0.0534,26245.0,ok
KL,AIS,deCODE,rs10467359,13,33529264,234.3,0.0028257456828885397,0.04897959183673469,0.05769230769230769,0.9539937210643509,1.0028297418653993,-0.3185,0.020808,0.04031,35364,-0.0009,0.0156,0.0564999999999999,,ok
KL,CES,deCODE,rs10467359,13,33529264,234.3,-0.0781789638932496,0.11648351648351649,-0.6711590296495956,0.5021192255714126,0.9247989061201791,-0.3185,0.020808,0.04031,35364,0.0249,0.0371,0.9487,,ok
KL,LAS,deCODE,rs10467359,13,33529264,234.3,-0.05494505494505495,0.16640502354788067,-0.3301886792452831,0.7412574002648007,0.946537154060669,-0.3185,0.020808,0.04031,35364,0.0175,0.053,0.9482,,ok
KL,SVS,deCODE,rs10467359,13,33529264,234.3,-0.15698587127158556,0.15039246467817896,-1.0438413361169103,0.29655880339960183,0.8547161347845157,-0.3185,0.020808,0.04031,35364,0.05,0.0479,0.9483,,ok
KL,FG_CHD,deCODE,rs10467359,13,33529264,234.3,-0.025298461538461537,0.03473469387755102,-0.7283340865949561,0.4664091011644713,0.9750188629671477,-0.3185,0.020808,0.04031,35364,0.00805756,0.011063,0.0729102,,ok
KL,FG_HF,deCODE,rs10467359,13,33529264,234.3,0.011650078492935636,0.04696483516483517,0.2480596057038567,0.8040882889316491,1.0117182049598996,-0.3185,0.020808,0.04031,35364,-0.00371055,0.0149583,0.0729102,,ok
KL,FG_AF,deCODE,rs10467359,13,33529264,234.3,-0.023368037676609103,0.051404709576138144,-0.4545894309936234,0.649404639773213,0.9769028805371407,-0.3185,0.020808,0.04031,35364,0.00744272,0.0163724,0.0730515,,ok
KL,FG_stroke,deCODE,rs10467359,13,33529264,234.3,-0.019988320251177395,0.04863956043956044,-0.4109477978530439,0.681110812976736,0.9802101218479137,-0.3185,0.020808,0.04031,35364,0.00636628,0.0154917,0.0728571,,ok
MGP,CAD,deCODE,rs7294636,12,15054016,880.7,-0.056976461038961035,0.0397435064935065,-1.4336042806960214,0.15168522123752598,0.9446163043912135,-0.2464,0.008303,0.37407,35365,0.014039,0.0097928,0.65032,,ok
MGP,HF,deCODE,rs7294636,12,15054016,880.7,0.05478896103896104,0.032873376623376624,1.6666666666666667,0.0955807045456294,1.0563176669680314,-0.2464,0.008303,0.37407,35365,-0.0135,0.0081,,,ok
MGP,AF,deCODE,rs7294636,12,15054016,880.7,0.032873376623376624,0.028003246753246752,1.173913043478261,0.24042985739709466,1.0334196758674719,-0.2464,0.008303,0.37407,35365,-0.0081,0.0069,0.3725,,ok
MGP,CAC,deCODE,rs7294636,12,15054016,880.7,-0.1461038961038961,0.07954545454545454,-1.836734693877551,0.06624907091119447,,-0.2464,0.008303,0.37407,35365,0.036,0.0196,0.375,26855.0,ok
MGP,AIS,deCODE,rs7294636,12,15054016,880.7,-0.013798701298701298,0.030032467532467532,-0.45945945945945943,0.645904258226149,0.9862960643981282,-0.2464,0.008303,0.37407,35365,0.0034,0.0074,0.3536,,ok
MGP,CES,deCODE,rs7294636,12,15054016,880.7,0.026379870129870128,0.06696428571428571,0.3939393939393939,0.6936257850304162,1.0267308988033819,-0.2464,0.008303,0.37407,35365,-0.0065,0.0165,0.371,,ok
MGP,LAS,deCODE,rs7294636,12,15054016,880.7,0.05397727272727272,0.08847402597402597,0.6100917431192661,0.5418010359307883,1.0554606141412595,-0.2464,0.008303,0.37407,35365,-0.0133,0.0218,0.3787,,ok
MGP,SVS,deCODE,rs7294636,12,15054016,880.7,-0.022727272727272728,0.0836038961038961,-0.2718446601941748,0.7857414639589655,0.9775290462529921,-0.2464,0.008303,0.37407,35365,0.0056,0.0206,0.3726,,ok
MGP,FG_CHD,deCODE,rs7294636,12,15054016,880.7,0.014619439935064935,0.026076582792207793,0.5606348060081522,0.5750465188497929,1.0147268266199723,-0.2464,0.008303,0.37407,35365,-0.00360223,0.00642527,0.279182,,ok
MGP,FG_HF,deCODE,rs7294636,12,15054016,880.7,-0.003508547077922078,0.03519886363636364,-0.09967785080133748,0.9206000854512937,0.9964976006813743,-0.2464,0.008303,0.37407,35365,0.000864506,0.008673,0.279182,,ok
MGP,FG_AF,deCODE,rs7294636,12,15054016,880.7,-0.08669724025974027,0.03856355519480519,-2.2481651347181564,0.024565661978592855,0.9169546705696657,-0.2464,0.008303,0.37407,35365,0.0213622,0.00950206,0.279314,,ok
MGP,FG_stroke,deCODE,rs7294636,12,15054016,880.7,-0.013730032467532467,0.03638904220779221,-0.37731227959037544,0.7059415476475606,0.9863637945215045,-0.2464,0.008303,0.37407,35365,0.00338308,0.00896626,0.279289,,ok
