gene,outcome,source,snp,b_SMR,T_SMR,p_SMR
SOST,CAD,UKB-PPP,,0.1182289051601054,0.5609170511776043,0.45389098455249677
SOST,HF,UKB-PPP,,0.03598057703032672,0.07190910018507268,0.7885771467657079
SOST,AF,UKB-PPP,,-0.11775461573561471,1.0726316022445377,0.3003517848835576
SOST,CAC,UKB-PPP,,-0.15209971199183567,0.22217324074223765,0.637388983845488
SOST,AIS,UKB-PPP,,-0.2747607700497677,4.575982934869842,0.03242313959680304
SOST,CES,UKB-PPP,,-0.30910586630598863,1.3040696564265042,0.25347119001692753
SOST,LAS,UKB-PPP,,-0.9976432722045135,6.563172076635694,0.010411062044794332
SOST,SVS,UKB-PPP,,0.20279961598911422,0.3675876733326916,0.5443221380482578
SOST,FG_CHD,UKB-PPP,,0.2197121226741419,3.934206962524058,0.047313443607610105
SOST,FG_HF,UKB-PPP,,0.06312448789008261,0.18849859939564112,0.6641691688116754
SOST,FG_AF,UKB-PPP,,0.124652746544638,0.6058395773842781,0.4363585969340307
SOST,FG_stroke,UKB-PPP,,0.13084075160154454,0.7512994904931638,0.3860651160301889
TNFRSF11B,CAD,UKB-PPP,,0.03876998901775909,0.6156928098460089,0.4326523827360975
TNFRSF11B,HF,UKB-PPP,,0.057857659443387895,1.912136033759925,0.16672617751329116
TNFRSF11B,AF,UKB-PPP,,-0.09557598290641059,2.0885277580463435,0.14840903034050532
TNFRSF11B,CAC,UKB-PPP,,0.030524266792099724,0.06301074581338492,0.8017991000386794
TNFRSF11B,AIS,UKB-PPP,,-0.015535852998687488,0.15778160160186433,0.6912072089860251
TNFRSF11B,CES,UKB-PPP,,-0.0032143144135215493,0.0012908292272024492,0.9713396802507335
TNFRSF11B,LAS,UKB-PPP,,0.01875016741220904,0.025080524480351033,0.8741665764425208
TNFRSF11B,SVS,UKB-PPP,,0.047143278064982724,0.18603483563647963,0.6662374855583486
TNFRSF11B,FG_CHD,UKB-PPP,,0.008970431493036965,0.09421758587081537,0.7588823188975685
TNFRSF11B,FG_HF,UKB-PPP,,-0.04665358960373497,1.3936142795226503,0.23779568141732782
TNFRSF11B,FG_AF,UKB-PPP,,-0.07836780240291032,3.2450937343910127,0.07163759278655446
TNFRSF11B,FG_stroke,UKB-PPP,,-0.003540549737040948,0.007526900441120199,0.9308641024509646
TNFSF11,CAD,UKB-PPP,,0.008572833325883877,0.01030609735635675,0.9191385147705406
TNFSF11,HF,UKB-PPP,,-0.015196889107406247,0.04514736570769746,0.8317332854078152
TNFSF11,AF,UKB-PPP,,0.10816609305859741,3.2158208827383787,0.07292960195034573
TNFSF11,CAC,UKB-PPP,,-0.09207526929781433,0.2815385211372473,0.595694584159077
TNFSF11,AIS,UKB-PPP,,-0.045590667322218746,0.5295912657363844,0.4667787505381972
TNFSF11,CES,UKB-PPP,,0.19040808116926652,1.7806630502854344,0.18206792875913172
TNFSF11,LAS,UKB-PPP,,0.17878693067536763,0.8782847884561831,0.34867189269806187
TNFSF11,SVS,UKB-PPP,,-0.26639252670629776,2.1988266403607115,0.13811583479810263
TNFSF11,FG_CHD,UKB-PPP,,-0.040254056228489696,0.5760869888890433,0.44785019675300797
TNFSF11,FG_HF,UKB-PPP,,0.03890081795020784,0.2957053174821872,0.5865874126888329
TNFSF11,FG_AF,UKB-PPP,,0.006030027265006927,0.005896745761085489,0.9387903902911712
TNFSF11,FG_stroke,UKB-PPP,,-0.03837348589818084,0.2691155038445498,0.6039257177372132
TNFRSF11A,CAD,UKB-PPP,,-0.020554078218033376,0.39763333902881964,0.5283140370584807
TNFRSF11A,HF,UKB-PPP,,0.005139872152443197,0.042650248349521205,0.8363852392490915
TNFRSF11A,AF,UKB-PPP,,-0.03273287002345405,2.3429758617844167,0.12584893528775543
TNFRSF11A,CAC,UKB-PPP,,-0.015149096870358897,0.06305965173704431,0.801723800544803
TNFRSF11A,AIS,UKB-PPP,,-0.030298193740717794,1.8636824161515242,0.1722003975882044
TNFRSF11A,CES,UKB-PPP,,-0.09792809048339145,3.700279162726098,0.05440336501676502
TNFRSF11A,LAS,UKB-PPP,,0.06573625963387879,0.9595873769353717,0.32729085976837013
TNFRSF11A,SVS,UKB-PPP,,-0.017313253566124457,0.07609676009787375,0.7826583534290519
TNFRSF11A,FG_CHD,UKB-PPP,,0.03310889224934331,3.501280639950768,0.06132139303755299
TNFRSF11A,FG_HF,UKB-PPP,,0.016221625876821612,0.4593064636471735,0.4979482767598191
TNFRSF11A,FG_AF,UKB-PPP,,0.002855577708103955,0.011883726282604014,0.9131925717602639
TNFRSF11A,FG_stroke,UKB-PPP,,-0.0069167530075015075,0.07827580529244056,0.7796477271520666
FGF23,CAD,UKB-PPP,,0.0029915240152900116,0.0011081157851378766,0.9734446255268612
FGF23,HF,UKB-PPP,,-0.15049951064576292,3.6929767132288203,0.054642016217832226
FGF23,AF,UKB-PPP,,-0.13387993278304064,4.082069233213191,0.04334055216882299
FGF23,CAC,UKB-PPP,,0.3471645153546433,3.3061286403451824,0.06902191589516346
FGF23,AIS,UKB-PPP,,-0.058168522519528004,0.6847017017927001,0.40797239637801186
FGF23,CES,UKB-PPP,,0.09694753753254667,0.36766596452039885,0.5442792742940843
FGF23,LAS,UKB-PPP,,-0.23913725924694845,1.2382599652401962,0.26580666465041425
FGF23,SVS,UKB-PPP,,-0.006463169168836445,0.001060026593882672,0.9740270236480767
FGF23,FG_CHD,UKB-PPP,,-0.0751977729765664,1.7919258692520659,0.1806916909462006
FGF23,FG_HF,UKB-PPP,,-0.03955099440474212,0.2733508093471232,0.601092826661231
FGF23,FG_AF,UKB-PPP,,-0.005129457278451794,0.0038355715797997176,0.9506169908005033
FGF23,FG_stroke,UKB-PPP,,0.036379424962605954,0.21662234895648166,0.6416256590391993
DKK1,CAD,UKB-PPP,,-0.08485461834883812,0.8135991498144292,0.3670582959420603
DKK1,HF,UKB-PPP,,-0.21408275271495855,7.264784777965186,0.0070319695063551495
DKK1,AF,UKB-PPP,,-0.013623447900042817,0.042377809290554555,0.8369012777149367
DKK1,CAC,UKB-PPP,,0.33182826670818577,2.948367176322627,0.08596437238513438
DKK1,AIS,UKB-PPP,,-0.022381378692927487,0.10487985526390822,0.746050392549626
DKK1,CES,UKB-PPP,,-0.32890895644389084,4.201988622756093,0.040376604019863205
DKK1,LAS,UKB-PPP,,0.22770620061500138,1.1661944559796693,0.280184559310449
DKK1,SVS,UKB-PPP,,-0.10704137635747928,0.2960638027025306,0.5863606510025096
DKK1,FG_CHD,UKB-PPP,,-0.06527713985442372,1.3115021190221134,0.25212286855345484
DKK1,FG_HF,UKB-PPP,,-0.11863006500330855,2.3618649483972742,0.12433347061876675
DKK1,FG_AF,UKB-PPP,,-0.1926472305476626,5.105791200637772,0.023846100793931378
DKK1,FG_stroke,UKB-PPP,,0.03668560974660387,0.21375260452470252,0.6438419165559441
BGLAP,CAD,UKB-PPP,,-0.12950916617386163,1.844743397977315,0.17439600808610964
BGLAP,HF,UKB-PPP,,0.12445166244472493,2.1752257211541988,0.14024893716013542
BGLAP,AF,UKB-PPP,,-0.07767195953997018,1.2320040358558082,0.26701765455466775
BGLAP,CAC,UKB-PPP,,-0.1288648419640414,0.36928072820080204,0.5433965941339759
BGLAP,AIS,UKB-PPP,,0.07943723134769676,1.0396947348031664,0.3078924791397114
BGLAP,CES,UKB-PPP,,-0.5631217066647837,9.703025978282946,0.0018396483254768082
BGLAP,LAS,UKB-PPP,,0.1977104424653786,0.7563622219594863,0.38446935906645197
BGLAP,SVS,UKB-PPP,,0.2347811504276371,1.190029272917053,0.2753236516731177
BGLAP,FG_CHD,UKB-PPP,,-0.08224498442147629,1.413927046427048,0.23440557359520325
BGLAP,FG_HF,UKB-PPP,,-0.22149659743859063,5.5007086176401625,0.019008769252597684
BGLAP,FG_AF,UKB-PPP,,-0.31116269627615917,8.9530540765476,0.0027700609359346258
BGLAP,FG_stroke,UKB-PPP,,0.006937747689700522,0.0052026303352154055,0.9424990397200217
CTSK,CAD,eQTLGen,rs78685532,-0.04832127676346283,11.350541157809321,0.0007542598796598547
CTSK,HF,eQTLGen,rs78685532,-0.0072763875161444835,0.37867819511103024,0.5383114941916282
CTSK,AF,eQTLGen,rs78685532,-0.017584603164015836,2.9962950885504323,0.08345516018638
CTSK,CAC,eQTLGen,rs78685532,-0.04123286259148541,2.027440293383801,0.154480598309084
CTSK,AIS,eQTLGen,rs78685532,0.013340043779598222,0.9998603467291962,0.31734430222577575
CTSK,CES,eQTLGen,rs78685532,0.011824129713734787,0.0989190287080323,0.7531307182806066
CTSK,LAS,eQTLGen,rs2089081,0.03539078117975648,1.1173688283695578,0.29048571945164714
CTSK,SVS,eQTLGen,rs2089081,0.01498528572476175,0.20422838175452604,0.651329249857786
CTSK,FG_CHD,eQTLGen,rs78685532,-0.03336663291231347,14.387436067755246,0.00014879176026339448
CTSK,FG_HF,eQTLGen,rs78685532,-0.026832133740002543,5.11177089699873,0.023764051832750707
CTSK,FG_AF,eQTLGen,rs78685532,-0.048961144090663794,14.167060958134453,0.00016727333238397745
CTSK,FG_stroke,eQTLGen,rs78685532,0.0009647989594765851,0.006182153232160903,0.9373295736279237
ESR1,CAD,eQTLGen,rs3020333,-0.06690248905687196,0.7438485118045375,0.38843084469408595
ESR1,HF,eQTLGen,rs3020333,0.1348710245352199,4.372976546302537,0.03651315799999395
ESR1,AF,eQTLGen,rs3020333,0.176866792653971,10.15289359442181,0.0014407492139324233
ESR1,CAC,eQTLGen,rs3020333,-0.08479914716286283,0.28658701259343594,0.5924160002512583
ESR1,AIS,eQTLGen,rs3020333,0.03553488071586633,0.394339035498769,0.5300273929694731
ESR1,CES,eQTLGen,rs3020333,0.07430020513317503,0.33009053744190636,0.5656057812128169
ESR1,LAS,eQTLGen,rs3020333,0.193019011161183,1.239719821805025,0.2655250578240792
ESR1,SVS,eQTLGen,rs3020333,-0.030689215163702734,0.03682633353949274,0.8478190607215477
ESR1,FG_CHD,eQTLGen,rs3020333,-0.008676648737704122,0.03479061678710275,0.8520350911161725
ESR1,FG_HF,eQTLGen,rs3020333,0.20289366994556704,9.91057770065857,0.0016433152702991453
ESR1,FG_AF,eQTLGen,rs3020333,0.23376378995655053,10.941689513079407,0.0009402439217067949
ESR1,FG_stroke,eQTLGen,rs3020333,0.07451616029461647,1.3047096187812532,0.2533547462569019
PTH1R,CAD,UKB-PPP,,0.03809870515511014,1.9966552111933538,0.15764675460421193
PTH1R,HF,UKB-PPP,,0.05478608642113804,0.3852314251785515,0.5348166786148947
PTH1R,AF,UKB-PPP,,-0.041828780857025245,1.121025421819722,0.28969776122245117
PTH1R,CAC,UKB-PPP,,0.039877986685130457,0.38429557541442105,0.5353132355364019
PTH1R,AIS,UKB-PPP,,0.08557064926730132,0.89958787416157,0.34289224126057444
PTH1R,CES,UKB-PPP,,0.08244001575752201,0.1656803392709418,0.6839797126889522
PTH1R,LAS,UKB-PPP,,0.44414123902394426,3.1961805794537415,0.073810459289011
PTH1R,SVS,UKB-PPP,,0.4423780074933417,3.3579258036986306,0.06688225989373867
PTH1R,FG_CHD,UKB-PPP,,0.0281763979444142,0.21602214454582852,0.6420877048085478
PTH1R,FG_HF,UKB-PPP,,-0.034917692467721015,0.19751471294429593,0.6567344211428532
PTH1R,FG_AF,UKB-PPP,,0.1611846618950872,3.246387280753818,0.07158106895604326
PTH1R,FG_stroke,UKB-PPP,,-0.1380155009937102,2.7665696879123587,0.09625223045060871
SPP1,CAD,UKB-PPP,,-0.026677176388159047,0.06002466804246994,0.8064569559161836
SPP1,HF,UKB-PPP,,0.008758101243650377,0.009611096797354012,0.9219035472024036
SPP1,AF,UKB-PPP,,-0.012261341741110527,0.025890809101319485,0.8721672694927394
SPP1,CAC,UKB-PPP,,0.03152916447714135,0.01764482644107399,0.8943247988112889
SPP1,AIS,UKB-PPP,,-0.1655281135049921,4.288990466938914,0.03835993619801176
SPP1,CES,UKB-PPP,,-0.46505517603783497,6.373453237050645,0.011583996146383224
SPP1,LAS,UKB-PPP,,-0.2119460500963391,0.7761891952209995,0.37830915912213103
SPP1,SVS,UKB-PPP,,-0.017516202487300753,0.00605587522078947,0.9379716314557619
SPP1,FG_CHD,UKB-PPP,,0.013805920476440707,0.045544774462505384,0.8310054520280414
SPP1,FG_HF,UKB-PPP,,-0.1514459625153267,2.936129479755941,0.08661806014099907
SPP1,FG_AF,UKB-PPP,,-0.11478017165878437,1.4366484502287107,0.23068246495029138
SPP1,FG_stroke,UKB-PPP,,-0.11897179891399544,1.7103659784321108,0.1909378935562812
AHSG,CAD,UKB-PPP,,-0.03423357995551723,1.6975668974597784,0.19260648149570878
AHSG,HF,UKB-PPP,,0.0006808587898869773,0.0010633265733798931,0.9739866410013998
AHSG,AF,UKB-PPP,,-0.02065271662657165,1.3603598415055982,0.243475127660363
AHSG,CAC,UKB-PPP,,-0.04017066860333167,0.517589078825193,0.47187192813274725
AHSG,AIS,UKB-PPP,,0.0029503880895102356,0.02395101440974937,0.8770096177412661
AHSG,CES,UKB-PPP,,-0.04175933911306795,0.9575273507100027,0.32781064722642683
AHSG,LAS,UKB-PPP,,0.0002269529299623258,1.5999999896130416e-05,0.9968084702778962
AHSG,SVS,UKB-PPP,,-0.03177341019472561,0.34889753043645716,0.5547378757412506
AHSG,FG_CHD,UKB-PPP,,0.03127116336071899,4.358919153330982,0.036815656687017854
AHSG,FG_HF,UKB-PPP,,0.06451681721211021,10.072725449028793,0.0015048027308880987
AHSG,FG_AF,UKB-PPP,,0.052057555263038444,5.502794234102501,0.018986112173755933
AHSG,FG_stroke,UKB-PPP,,0.0013536244382914983,0.004183771951366496,0.948427128085051
KL,CAD,deCODE,rs10467359,-0.055541601255886974,1.0184144733353984,0.31289539595559634
KL,HF,deCODE,rs10467359,-0.0379905808477237,0.4270070476382697,0.5134612105893288
KL,AF,deCODE,rs10467359,-0.07472527472527472,2.5923118341552778,0.10738349541998754
KL,CAC,deCODE,rs10467359,-0.24207221350078492,3.215520618703084,0.07294298341232418
KL,AIS,deCODE,rs10467359,0.0028257456828885397,0.0033283550836182884,0.9539940474854544
KL,CES,deCODE,rs10467359,-0.0781789638932496,0.44959005379494205,0.5025296955766743
KL,LAS,deCODE,rs10467359,-0.05494505494505495,0.10897385450130072,0.7413154256448495
KL,SVS,deCODE,rs10467359,-0.15698587127158556,1.0845608553718638,0.2976794974243917
KL,FG_CHD,deCODE,rs10467359,-0.025298461538461537,0.5292721959006264,0.4669130042181664
KL,FG_HF,deCODE,rs10467359,0.011650078492935636,0.061517411308221255,0.8041134874144102
KL,FG_AF,deCODE,rs10467359,-0.023368037676609103,0.20646943974012358,0.6495488077010522
KL,FG_stroke,deCODE,rs10467359,-0.019988320251177395,0.16875645281325222,0.6812193602546839
MGP,CAD,deCODE,rs7294636,-0.056976461038961035,2.050436106418547,0.15216259813527064
MGP,HF,deCODE,rs7294636,0.05478896103896104,2.769043721596787,0.09610355944987552
MGP,AF,deCODE,rs7294636,0.032873376623376624,1.3759187875627321,0.24079755137177078
MGP,CAC,deCODE,rs7294636,-0.1461038961038961,3.360720323975974,0.06676885709413731
MGP,AIS,deCODE,rs7294636,-0.013798701298701298,0.21105240387481777,0.6459437882719266
MGP,CES,deCODE,rs7294636,0.026379870129870128,0.15516090412778707,0.6936514082588443
MGP,LAS,deCODE,rs7294636,0.05397727272727272,0.3720546868003981,0.541886412523207
MGP,SVS,deCODE,rs7294636,-0.022727272727272728,0.07389331865127305,0.7857502337131416
MGP,FG_CHD,deCODE,rs7294636,0.014619439935064935,0.3141992474195027,0.5751147186337282
MGP,FG_HF,deCODE,rs7294636,-0.003508547077922078,0.00993556184738964,0.9206005318609334
MGP,FG_AF,deCODE,rs7294636,-0.08669724025974027,5.025405084742672,0.02497808215393549
MGP,FG_stroke,deCODE,rs7294636,-0.013730032467532467,0.14234154603257015,0.70596420646969
